-1,2010,1,364,409.04
0,2010,1,0,0.25143
5,2010,1,0,0.97067
10,2010,1,6,7.0497
15,2010,1,134,127.03
20,2010,1,184,181.36
25,2010,1,138,146.1
30,2010,1,90,92.205
35,2010,1,75,76.169
40,2010,1,60,61.907
45,2010,1,55,53.008
50,2010,1,45,37.273
55,2010,1,29,20.397
60,2010,1,19,13.202
65,2010,1,7,6.4363
70,2010,1,5,4.2889
75,2010,1,6,2.1185
80,2010,1,1,1.9718
85,2010,1,1,1.4543
90,2010,1,1,1.3179
95,2010,1,0,1.9598
-1,2010,2,275,356.49
0,2010,2,0,-0.58592
5,2010,2,0,1.3003
10,2010,2,10,6.5022
15,2010,2,97,118
20,2010,2,136,167.06
25,2010,2,141,136.63
30,2010,2,81,89.244
35,2010,2,57,72.151
40,2010,2,46,57.86
45,2010,2,42,48.401
50,2010,2,36,39.154
55,2010,2,23,19.776
60,2010,2,13,14.709
65,2010,2,5,7.4963
70,2010,2,5,5.0237
75,2010,2,4,3.1208
80,2010,2,1,2.1455
85,2010,2,2,1.2591
90,2010,2,0,0.6541
95,2010,2,0,2.0132
-1,2010,3,413,376.28
0,2010,3,0,-1.1163
5,2010,3,0,0.90721
10,2010,3,6,9.2336
15,2010,3,102,117.51
20,2010,3,206,169.02
25,2010,3,147,136.41
30,2010,3,106,88.276
35,2010,3,78,67.988
40,2010,3,60,59.329
45,2010,3,48,52.281
50,2010,3,33,39.766
55,2010,3,18,21.437
60,2010,3,13,14.982
65,2010,3,13,8.2041
70,2010,3,4,4.216
75,2010,3,7,3.1514
80,2010,3,3,2.7153
85,2010,3,1,0.40673
90,2010,3,1,1.043
95,2010,3,0,2.4555
-1,2010,4,426,416.15
0,2010,4,0,-1.0751
5,2010,4,0,0.95956
10,2010,4,2,10.154
15,2010,4,132,119.41
20,2010,4,185,188.53
25,2010,4,155,143.54
30,2010,4,114,93.432
35,2010,4,88,75.804
40,2010,4,65,60.589
45,2010,4,44,51.834
50,2010,4,35,38.138
55,2010,4,29,22.016
60,2010,4,24,15.297
65,2010,4,13,6.9992
70,2010,4,1,3.346
75,2010,4,2,3.8015
80,2010,4,5,1.721
85,2010,4,1,0.29407
90,2010,4,0,0.63262
95,2010,4,0,1.3737
-1,2010,5,432,447.65
0,2010,5,0,-0.50485
5,2010,5,0,0.852
10,2010,5,3,8.688
15,2010,5,120,120.52
20,2010,5,186,189
25,2010,5,149,152.95
30,2010,5,109,98.855
35,2010,5,88,75.955
40,2010,5,72,61.615
45,2010,5,52,50.011
50,2010,5,52,37.07
55,2010,5,24,23.689
60,2010,5,19,15.945
65,2010,5,10,8.2654
70,2010,5,8,3.0199
75,2010,5,8,3.7021
80,2010,5,4,1.7289
85,2010,5,1,0.58242
90,2010,5,0,0.89207
95,2010,5,0,1.457
-1,2010,6,437,473.29
0,2010,6,0,-1.1275
5,2010,6,0,1.3845
10,2010,6,6,6.321
15,2010,6,138,128.07
20,2010,6,195,196.63
25,2010,6,125,142.8
30,2010,6,98,104.9
35,2010,6,84,83.026
40,2010,6,64,63.774
45,2010,6,61,53.493
50,2010,6,31,38.845
55,2010,6,32,24.042
60,2010,6,19,15.978
65,2010,6,12,8.06
70,2010,6,5,3.6143
75,2010,6,3,3.6835
80,2010,6,2,1.4004
85,2010,6,2,1.1454
90,2010,6,1,0.98498
95,2010,6,0,1.5358
-1,2010,7,491,506.53
0,2010,7,0,-1.3614
5,2010,7,5,0.95956
10,2010,7,10,11.239
15,2010,7,138,126.45
20,2010,7,205,203.15
25,2010,7,140,145.48
30,2010,7,130,107.59
35,2010,7,91,81.697
40,2010,7,59,65.003
45,2010,7,46,51.815
50,2010,7,35,37.854
55,2010,7,31,25.404
60,2010,7,18,15.156
65,2010,7,7,7.9694
70,2010,7,6,3.7038
75,2010,7,2,3.5166
80,2010,7,3,1.5781
85,2010,7,1,0.64859
90,2010,7,0,0.99631
95,2010,7,1,1.5075
-1,2010,8,469,448.25
0,2010,8,0,-1.0155
5,2010,8,1,2.1845
10,2010,8,10,8.6721
15,2010,8,128,141.99
20,2010,8,188,206.41
25,2010,8,149,146.45
30,2010,8,117,108.28
35,2010,8,92,85.392
40,2010,8,60,65.483
45,2010,8,54,50.545
50,2010,8,37,35.704
55,2010,8,20,24.402
60,2010,8,18,15.858
65,2010,8,4,11.215
70,2010,8,9,3.7468
75,2010,8,4,3.9405
80,2010,8,2,2.3255
85,2010,8,2,0.85968
90,2010,8,0,0.92454
95,2010,8,0,1.5582
-1,2010,9,411,447.15
0,2010,9,0,-1.1124
5,2010,9,0,1.9345
10,2010,9,3,8.0561
15,2010,9,102,133.28
20,2010,9,194,186.04
25,2010,9,130,147.81
30,2010,9,113,106.57
35,2010,9,85,85.081
40,2010,9,62,60.754
45,2010,9,61,48.18
50,2010,9,48,38.397
55,2010,9,18,25.551
60,2010,9,10,17.204
65,2010,9,3,8.8079
70,2010,9,2,3.4457
75,2010,9,4,2.3791
80,2010,9,2,2.4309
85,2010,9,3,1.0297
90,2010,9,1,0.65379
95,2010,9,0,1.575
-1,2010,10,460,420.01
0,2010,10,0,-1.0434
5,2010,10,0,1.0249
10,2010,10,4,7.3079
15,2010,10,111,121.28
20,2010,10,199,188.8
25,2010,10,117,133.13
30,2010,10,104,106.82
35,2010,10,76,79.847
40,2010,10,70,62.425
45,2010,10,41,52.837
50,2010,10,43,39.162
55,2010,10,23,23.545
60,2010,10,15,16.125
65,2010,10,14,7.2481
70,2010,10,4,5.1741
75,2010,10,3,2.9239
80,2010,10,6,1.7248
85,2010,10,1,1.1376
90,2010,10,1,0.59465
95,2010,10,0,1.5211
-1,2010,11,437,450.55
0,2010,11,1,-1.0295
5,2010,11,0,0.9891
10,2010,11,1,6.1092
15,2010,11,118,112.31
20,2010,11,155,186.28
25,2010,11,142,130.88
30,2010,11,93,99.352
35,2010,11,75,79.627
40,2010,11,56,61.057
45,2010,11,50,49.91
50,2010,11,46,37.388
55,2010,11,20,22.538
60,2010,11,9,14.074
65,2010,11,7,7.6759
70,2010,11,3,3.6954
75,2010,11,2,1.6486
80,2010,11,0,1.5057
85,2010,11,0,1.1111
90,2010,11,1,0.93708
95,2010,11,0,1.6656
-1,2010,12,440,429.78
0,2010,12,0,0.37059
5,2010,12,0,1.9127
10,2010,12,6,6.5265
15,2010,12,100,115.91
20,2010,12,129,170.82
25,2010,12,112,136.5
30,2010,12,103,103.48
35,2010,12,69,78.732
40,2010,12,46,60.442
45,2010,12,46,49.594
50,2010,12,41,38.855
55,2010,12,24,22.956
60,2010,12,14,13.253
65,2010,12,9,6.2942
70,2010,12,8,4.2302
75,2010,12,2,1.9585
80,2010,12,3,1.6784
85,2010,12,0,1.3159
90,2010,12,0,0.62568
95,2010,12,0,1.8681
-1,2011,1,384,397.57
0,2011,1,1,-0.85665
5,2011,1,0,1.0755
10,2011,1,7,8.1783
15,2011,1,107,117.28
20,2011,1,167,163.07
25,2011,1,141,129.55
30,2011,1,104,100.61
35,2011,1,72,76.845
40,2011,1,67,56.672
45,2011,1,47,50.437
50,2011,1,47,40.36
55,2011,1,16,20.549
60,2011,1,20,13.393
65,2011,1,15,5.9724
70,2011,1,6,4.7068
75,2011,1,2,2.3038
80,2011,1,2,1.8521
85,2011,1,0,1.4199
90,2011,1,1,0.87344
95,2011,1,0,1.4749
-1,2011,2,261,320.42
0,2011,2,0,-0.77925
5,2011,2,1,1.0015
10,2011,2,3,9.3967
15,2011,2,83,101.11
20,2011,2,147,156.39
25,2011,2,118,132.21
30,2011,2,76,96.089
35,2011,2,57,69.86
40,2011,2,58,57.389
45,2011,2,42,47.785
50,2011,2,33,41.229
55,2011,2,21,19.285
60,2011,2,12,12.306
65,2011,2,5,6.9294
70,2011,2,7,2.7302
75,2011,2,1,2.0106
80,2011,2,0,1.8893
85,2011,2,1,0.96361
90,2011,2,0,1.1798
95,2011,2,0,1.4397
-1,2011,3,371,372.49
0,2011,3,0,-0.87677
5,2011,3,1,1.248
10,2011,3,4,6.9669
15,2011,3,121,98.158
20,2011,3,159,173.46
25,2011,3,112,129.32
30,2011,3,113,92.815
35,2011,3,59,69.995
40,2011,3,49,61.484
45,2011,3,49,45.516
50,2011,3,45,39.698
55,2011,3,30,20.831
60,2011,3,10,12.835
65,2011,3,3,9.0673
70,2011,3,7,3.9705
75,2011,3,2,1.6121
80,2011,3,1,2.206
85,2011,3,0,0.59509
90,2011,3,0,1.1772
95,2011,3,0,1.457
-1,2011,4,431,387.95
0,2011,4,0,-0.89006
5,2011,4,1,1.386
10,2011,4,6,5.1651
15,2011,4,115,116.49
20,2011,4,184,166.89
25,2011,4,133,130.47
30,2011,4,105,97.679
35,2011,4,75,68.631
40,2011,4,59,56.257
45,2011,4,53,47.234
50,2011,4,43,38.717
55,2011,4,27,22.768
60,2011,4,14,12.695
65,2011,4,11,7.8128
70,2011,4,8,4.6346
75,2011,4,2,1.3782
80,2011,4,1,0.66106
85,2011,4,0,0.32047
90,2011,4,0,1.1365
95,2011,4,0,1.6939
-1,2011,5,437,427.9
0,2011,5,0,-1.0265
5,2011,5,0,1.3185
10,2011,5,10,7.3017
15,2011,5,133,114.91
20,2011,5,203,173.13
25,2011,5,150,131.06
30,2011,5,124,99.264
35,2011,5,79,71.054
40,2011,5,70,57.451
45,2011,5,55,47.077
50,2011,5,48,39.822
55,2011,5,17,22.509
60,2011,5,20,13.692
65,2011,5,7,8.0514
70,2011,5,2,5.9797
75,2011,5,3,1.3961
80,2011,5,5,1.1915
85,2011,5,3,0.49103
90,2011,5,0,0.98635
95,2011,5,0,1.5075
-1,2011,6,440,459.69
0,2011,6,0,-0.865
5,2011,6,0,1.0888
10,2011,6,2,9.1811
15,2011,6,114,130.2
20,2011,6,170,191.37
25,2011,6,140,136.57
30,2011,6,106,105.76
35,2011,6,79,75.67
40,2011,6,55,61.847
45,2011,6,61,51.298
50,2011,6,46,40.214
55,2011,6,21,22.237
60,2011,6,20,13.98
65,2011,6,6,8.5197
70,2011,6,10,5.2761
75,2011,6,3,1.8358
80,2011,6,0,0.772
85,2011,6,2,0.36896
90,2011,6,1,0.93374
95,2011,6,0,1.4749
-1,2011,7,498,486.17
0,2011,7,0,-1.1275
5,2011,7,1,3.1258
10,2011,7,2,8.6243
15,2011,7,129,122.35
20,2011,7,208,186.62
25,2011,7,155,139.78
30,2011,7,119,108.41
35,2011,7,72,75.751
40,2011,7,62,60.496
45,2011,7,44,53.154
50,2011,7,59,39.968
55,2011,7,22,23.334
60,2011,7,17,13.176
65,2011,7,12,5.5549
70,2011,7,6,5.0449
75,2011,7,1,1.2846
80,2011,7,0,0.90846
85,2011,7,1,0.93567
90,2011,7,1,0.48516
95,2011,7,1,1.4003
-1,2011,8,430,481.1
0,2011,8,0,-1.2109
5,2011,8,1,1.8464
10,2011,8,4,7.7438
15,2011,8,114,125.43
20,2011,8,187,190.84
25,2011,8,139,146.04
30,2011,8,133,110.17
35,2011,8,90,74.808
40,2011,8,57,61.308
45,2011,8,52,49.488
50,2011,8,46,43.876
55,2011,8,27,23.75
60,2011,8,13,14.243
65,2011,8,8,6.8184
70,2011,8,4,5.355
75,2011,8,5,1.3711
80,2011,8,2,0.98073
85,2011,8,1,0.67431
90,2011,8,0,0.71036
95,2011,8,1,1.4726
-1,2011,9,410,404.39
0,2011,9,0,-1.0295
5,2011,9,0,1.5689
10,2011,9,3,6.2721
15,2011,9,90,111.15
20,2011,9,179,189.04
25,2011,9,158,137.7
30,2011,9,109,112.41
35,2011,9,69,79.806
40,2011,9,59,59.995
45,2011,9,63,52.028
50,2011,9,50,43.06
55,2011,9,24,21.75
60,2011,9,12,14.936
65,2011,9,11,8.2618
70,2011,9,4,5.3876
75,2011,9,4,2.2464
80,2011,9,0,1.0575
85,2011,9,1,0.8389
90,2011,9,1,0.89209
95,2011,9,1,1.4726
-1,2011,10,456,442.74
0,2011,10,0,-1.0434
5,2011,10,0,1.091
10,2011,10,5,7.1036
15,2011,10,106,107.03
20,2011,10,168,187.54
25,2011,10,116,138.73
30,2011,10,83,109.69
35,2011,10,87,75.392
40,2011,10,55,59.912
45,2011,10,58,51.374
50,2011,10,46,43.933
55,2011,10,21,21.066
60,2011,10,9,16.158
65,2011,10,5,7.8262
70,2011,10,9,4.2855
75,2011,10,4,2.3468
80,2011,10,4,1.6207
85,2011,10,4,1.6945
90,2011,10,0,0.96014
95,2011,10,1,1.7925
-1,2011,11,431,430.11
0,2011,11,0,-0.70181
5,2011,11,0,0.96356
10,2011,11,6,4.8985
15,2011,11,103,108.14
20,2011,11,147,166.87
25,2011,11,137,134.69
30,2011,11,80,96.157
35,2011,11,67,77.295
40,2011,11,65,56.606
45,2011,11,48,52.739
50,2011,11,20,43.44
55,2011,11,21,20.535
60,2011,11,17,14.835
65,2011,11,6,7.6526
70,2011,11,5,5.1299
75,2011,11,0,2.0123
80,2011,11,4,0.6375
85,2011,11,2,0.93462
90,2011,11,0,1.1891
95,2011,11,1,1.8766
-1,2011,12,436,426.45
0,2011,12,1,-0.91846
5,2011,12,0,1.0558
10,2011,12,3,6.8686
15,2011,12,98,104.82
20,2011,12,164,152.85
25,2011,12,134,130.07
30,2011,12,92,99.255
35,2011,12,67,71.471
40,2011,12,58,58.444
45,2011,12,65,51.462
50,2011,12,31,41.457
55,2011,12,24,22.971
60,2011,12,12,13.684
65,2011,12,14,7.5767
70,2011,12,1,4.5103
75,2011,12,4,2.6382
80,2011,12,2,0.97297
85,2011,12,2,1.0086
90,2011,12,1,1.0846
95,2011,12,0,2.0672
-1,2012,1,357,411.06
0,2012,1,1,-0.39804
5,2012,1,1,1.1448
10,2012,1,2,7.3503
15,2012,1,125,102.7
20,2012,1,183,164.5
25,2012,1,156,135.53
30,2012,1,103,99.172
35,2012,1,72,74.449
40,2012,1,52,59.401
45,2012,1,39,55.487
50,2012,1,53,40.612
55,2012,1,26,23.344
60,2012,1,11,12.246
65,2012,1,7,7.3364
70,2012,1,5,3.5394
75,2012,1,2,2.8258
80,2012,1,6,1.3544
85,2012,1,1,1.3014
90,2012,1,0,0.91217
95,2012,1,0,2.2044
-1,2012,2,299,316.76
0,2012,2,0,-0.603
5,2012,2,0,1.5086
10,2012,2,4,5.1294
15,2012,2,75,101.45
20,2012,2,139,162.74
25,2012,2,98,137.62
30,2012,2,100,92.218
35,2012,2,67,68.726
40,2012,2,62,55.824
45,2012,2,60,50.435
50,2012,2,20,37.185
55,2012,2,16,22.33
60,2012,2,20,12.872
65,2012,2,9,8.1988
70,2012,2,5,3.9728
75,2012,2,1,2.4722
80,2012,2,4,1.6356
85,2012,2,0,1.4476
90,2012,2,2,1.1625
95,2012,2,0,2.0196
-1,2012,3,368,374.91
0,2012,3,1,-0.9164
5,2012,3,2,1.4309
10,2012,3,5,6.0778
15,2012,3,110,102.88
20,2012,3,190,157.65
25,2012,3,149,117.83
30,2012,3,108,97.214
35,2012,3,64,69.807
40,2012,3,63,58.902
45,2012,3,41,53.983
50,2012,3,41,35.655
55,2012,3,20,22.294
60,2012,3,16,12.959
65,2012,3,15,7.4293
70,2012,3,8,4.719
75,2012,3,7,2.5383
80,2012,3,4,2.661
85,2012,3,0,1.862
90,2012,3,1,0.80003
95,2012,3,0,1.9914
-1,2012,4,394,397.52
0,2012,4,0,-0.76429
5,2012,4,0,1.8906
10,2012,4,4,7.3138
15,2012,4,114,103.49
20,2012,4,172,173.35
25,2012,4,138,134.19
30,2012,4,106,99.013
35,2012,4,89,70.782
40,2012,4,76,61.191
45,2012,4,58,50.485
50,2012,4,32,32.208
55,2012,4,22,22.707
60,2012,4,20,14.763
65,2012,4,7,8.7357
70,2012,4,6,3.4995
75,2012,4,4,2.1473
80,2012,4,3,2.7331
85,2012,4,3,1.0611
90,2012,4,1,0.8271
95,2012,4,1,1.682
-1,2012,5,450,407.25
0,2012,5,0,-0.69854
5,2012,5,0,1.288
10,2012,5,5,7.9167
15,2012,5,80,113.81
20,2012,5,202,179.6
25,2012,5,116,140.28
30,2012,5,100,104.61
35,2012,5,86,76.109
40,2012,5,77,63.876
45,2012,5,58,52.022
50,2012,5,39,37.336
55,2012,5,30,21.984
60,2012,5,14,14.509
65,2012,5,10,10.273
70,2012,5,6,3.3603
75,2012,5,3,2.4844
80,2012,5,1,2.4402
85,2012,5,3,0.9285
90,2012,5,0,1.0076
95,2012,5,0,1.4047
-1,2012,6,456,441.47
0,2012,6,0,-0.89006
5,2012,6,1,1.0678
10,2012,6,1,5.6543
15,2012,6,99,103.92
20,2012,6,192,182.55
25,2012,6,124,131.47
30,2012,6,114,101.49
35,2012,6,68,80.1
40,2012,6,64,66.918
45,2012,6,43,53.489
50,2012,6,34,37.936
55,2012,6,27,24.591
60,2012,6,13,14.617
65,2012,6,5,8.0779
70,2012,6,5,4.561
75,2012,6,4,2.0086
80,2012,6,1,3.1053
85,2012,6,1,0.54967
90,2012,6,1,1.0549
95,2012,6,1,1.6257
-1,2012,7,487,472.85
0,2012,7,0,-1.0265
5,2012,7,0,1.8389
10,2012,7,10,4.7439
15,2012,7,145,101.1
20,2012,7,236,193.29
25,2012,7,148,131.03
30,2012,7,122,110.6
35,2012,7,90,76.187
40,2012,7,62,67.279
45,2012,7,49,51.454
50,2012,7,43,35.821
55,2012,7,26,22.097
60,2012,7,21,16.814
65,2012,7,3,8.7082
70,2012,7,7,4.6395
75,2012,7,4,2.3115
80,2012,7,4,2.2177
85,2012,7,3,1.2283
90,2012,7,0,1.6114
95,2012,7,1,1.4967
-1,2012,8,472,452.74
0,2012,8,0,-0.865
5,2012,8,0,1.8314
10,2012,8,8,7.504
15,2012,8,95,119.47
20,2012,8,217,205.08
25,2012,8,143,139.17
30,2012,8,120,112.39
35,2012,8,81,81.511
40,2012,8,56,66.002
45,2012,8,54,49.725
50,2012,8,39,36.098
55,2012,8,34,22.917
60,2012,8,14,15.271
65,2012,8,12,8.2136
70,2012,8,4,5.177
75,2012,8,0,3.17
80,2012,8,3,2.1202
85,2012,8,2,1.369
90,2012,8,0,1.4113
95,2012,8,1,1.6225
-1,2012,9,465,432.13
0,2012,9,0,-1.1275
5,2012,9,1,0.94223
10,2012,9,11,7.6946
15,2012,9,95,107.12
20,2012,9,188,201.28
25,2012,9,144,142.75
30,2012,9,114,108.59
35,2012,9,80,79.716
40,2012,9,63,62.921
45,2012,9,47,51.853
50,2012,9,40,38.839
55,2012,9,32,24.229
60,2012,9,7,15.253
65,2012,9,11,6.351
70,2012,9,4,4.7199
75,2012,9,3,3.0612
80,2012,9,2,1.268
85,2012,9,1,2.1877
90,2012,9,0,0.90201
95,2012,9,0,1.8211
-1,2012,10,442,459.54
0,2012,10,0,-1.0434
5,2012,10,1,1.2569
10,2012,10,4,9.4779
15,2012,10,87,96.75
20,2012,10,176,187.37
25,2012,10,156,131.37
30,2012,10,111,104.13
35,2012,10,72,77.659
40,2012,10,48,63.248
45,2012,10,53,50.376
50,2012,10,37,39.486
55,2012,10,17,26.043
60,2012,10,23,14.664
65,2012,10,6,8.1602
70,2012,10,5,4.9042
75,2012,10,4,2.1365
80,2012,10,1,1.8026
85,2012,10,3,1.5305
90,2012,10,0,0.90238
95,2012,10,1,2.0589
-1,2012,11,453,431.2
0,2012,11,0,-1.0069
5,2012,11,0,1.5689
10,2012,11,6,7.8381
15,2012,11,78,94.663
20,2012,11,162,169.33
25,2012,11,127,141.9
30,2012,11,97,102.56
35,2012,11,61,74.801
40,2012,11,47,57.877
45,2012,11,50,49.178
50,2012,11,38,37.631
55,2012,11,34,24.543
60,2012,11,16,14.177
65,2012,11,4,6.9153
70,2012,11,4,4.0635
75,2012,11,0,2.476
80,2012,11,5,1.4369
85,2012,11,4,0.98533
90,2012,11,0,0.83762
95,2012,11,0,1.8935
-1,2012,12,488,440.81
0,2012,12,1,-0.90779
5,2012,12,0,1.0343
10,2012,12,12,7.7052
15,2012,12,86,96.956
20,2012,12,202,176.22
25,2012,12,117,135.81
30,2012,12,123,103.03
35,2012,12,78,72.914
40,2012,12,47,56.928
45,2012,12,33,51.648
50,2012,12,46,39.263
55,2012,12,24,26.514
60,2012,12,12,15.283
65,2012,12,9,7.0499
70,2012,12,11,4.0479
75,2012,12,4,2.054
80,2012,12,2,1.9127
85,2012,12,1,1.4581
90,2012,12,0,0.53024
95,2012,12,0,2.0577
-1,2013,1,415,413.24
0,2013,1,1,-0.27866
5,2013,1,4,1.3575
10,2013,1,4,8.8451
15,2013,1,108,98.212
20,2013,1,179,186.78
25,2013,1,121,135.34
30,2013,1,101,107.71
35,2013,1,69,73.711
40,2013,1,62,53.791
45,2013,1,55,47.37
50,2013,1,41,40.281
55,2013,1,21,27.129
60,2013,1,16,14.709
65,2013,1,14,8.3521
70,2013,1,7,4.2698
75,2013,1,5,1.5658
80,2013,1,3,1.5305
85,2013,1,5,1.4089
90,2013,1,1,0.67344
95,2013,1,0,1.7779
-1,2013,2,275,371.01
0,2013,2,0,-0.603
5,2013,2,0,2.3168
10,2013,2,4,8.805
15,2013,2,71,90.205
20,2013,2,141,167.05
25,2013,2,123,120.11
30,2013,2,92,100.98
35,2013,2,72,68.123
40,2013,2,37,54.264
45,2013,2,61,47.189
50,2013,2,41,38.07
55,2013,2,21,24.347
60,2013,2,11,13.074
65,2013,2,7,7.1275
70,2013,2,7,4.5165
75,2013,2,5,2.0105
80,2013,2,2,1.2288
85,2013,2,2,1.5843
90,2013,2,0,0.37859
95,2013,2,0,1.6302
-1,2013,3,375,375.21
0,2013,3,0,-0.49133
5,2013,3,1,2.5511
10,2013,3,5,6.6141
15,2013,3,89,92.716
20,2013,3,149,168.48
25,2013,3,129,131.31
30,2013,3,101,102.11
35,2013,3,53,69.994
40,2013,3,72,51.508
45,2013,3,44,49.254
50,2013,3,38,38.694
55,2013,3,25,21.908
60,2013,3,26,14.963
65,2013,3,12,7.5731
70,2013,3,5,4.8141
75,2013,3,3,2.5435
80,2013,3,3,1.6743
85,2013,3,1,2.2026
90,2013,3,0,0.74468
95,2013,3,0,1.7328
-1,2013,4,388,392.14
0,2013,4,0,-1.0515
5,2013,4,1,1.1989
10,2013,4,4,7.3129
15,2013,4,86,92.458
20,2013,4,190,158.92
25,2013,4,128,129.01
30,2013,4,95,101.67
35,2013,4,58,69.995
40,2013,4,66,57.962
45,2013,4,41,48.509
50,2013,4,39,38.235
55,2013,4,25,25.772
60,2013,4,9,16.012
65,2013,4,14,8.0691
70,2013,4,1,4.9373
75,2013,4,4,1.6179
80,2013,4,4,2.3617
85,2013,4,4,2.0492
90,2013,4,0,0.69792
95,2013,4,0,1.4681
-1,2013,5,390,430.51
0,2013,5,2,-0.84711
5,2013,5,0,1.4001
10,2013,5,2,8.6386
15,2013,5,95,83.763
20,2013,5,186,185.58
25,2013,5,134,124.81
30,2013,5,107,101.82
35,2013,5,61,70.852
40,2013,5,47,61.075
45,2013,5,65,47.121
50,2013,5,39,41.319
55,2013,5,25,22.446
60,2013,5,13,15.277
65,2013,5,13,9.2965
70,2013,5,6,6.5525
75,2013,5,6,3.7999
80,2013,5,3,2.0105
85,2013,5,4,1.5876
90,2013,5,0,0.88251
95,2013,5,3,1.4397
-1,2013,6,437,434.3
0,2013,6,1,-0.28867
5,2013,6,0,2.1661
10,2013,6,7,4.591
15,2013,6,88,95.864
20,2013,6,187,185.93
25,2013,6,138,126.21
30,2013,6,117,101.15
35,2013,6,103,67.007
40,2013,6,73,58.195
45,2013,6,44,53.1
50,2013,6,44,37.698
55,2013,6,27,23.482
60,2013,6,16,15.227
65,2013,6,11,10.693
70,2013,6,4,4.8928
75,2013,6,0,3.3408
80,2013,6,4,1.8115
85,2013,6,1,2.5147
90,2013,6,0,1.0368
95,2013,6,1,1.2476
-1,2013,7,526,477.12
0,2013,7,0,-0.44929
5,2013,7,1,0.72831
10,2013,7,6,8.9265
15,2013,7,120,104.09
20,2013,7,222,201.6
25,2013,7,145,136.51
30,2013,7,99,110.36
35,2013,7,71,78.449
40,2013,7,71,59.182
45,2013,7,49,50.505
50,2013,7,37,39.363
55,2013,7,23,24.93
60,2013,7,18,14.203
65,2013,7,7,8.8504
70,2013,7,5,4.4547
75,2013,7,5,2.8622
80,2013,7,1,1.8062
85,2013,7,3,1.3118
90,2013,7,1,0.5538
95,2013,7,0,1.7232
-1,2013,8,454,499.72
0,2013,8,0,-0.93997
5,2013,8,1,1.4206
10,2013,8,2,8.6865
15,2013,8,82,103.11
20,2013,8,196,205.42
25,2013,8,157,139.31
30,2013,8,119,106.81
35,2013,8,66,75.3
40,2013,8,70,64.347
45,2013,8,41,48.82
50,2013,8,40,38.722
55,2013,8,31,24.43
60,2013,8,12,16.517
65,2013,8,5,10.036
70,2013,8,6,4.3138
75,2013,8,3,2.7387
80,2013,8,3,2.0642
85,2013,8,2,1.5747
90,2013,8,0,0.45002
95,2013,8,2,1.7914
-1,2013,9,383,466.78
0,2013,9,0,-1.0336
5,2013,9,1,1.9603
10,2013,9,6,8.528
15,2013,9,94,93.917
20,2013,9,167,193.4
25,2013,9,121,143.94
30,2013,9,122,107.69
35,2013,9,60,73.01
40,2013,9,73,64.322
45,2013,9,42,49.138
50,2013,9,48,39.712
55,2013,9,26,24.247
60,2013,9,13,12.258
65,2013,9,9,9.3945
70,2013,9,1,2.9669
75,2013,9,0,2.8455
80,2013,9,1,2.0711
85,2013,9,0,2.4077
90,2013,9,1,0.86297
95,2013,9,1,2.0709
-1,2013,10,438,426.14
0,2013,10,0,-0.6666
5,2013,10,1,1.761
10,2013,10,7,6.1338
15,2013,10,101,89.881
20,2013,10,163,176.8
25,2013,10,136,135.47
30,2013,10,93,109.28
35,2013,10,72,71.09
40,2013,10,51,63.761
45,2013,10,34,48.583
50,2013,10,33,39.755
55,2013,10,27,24.523
60,2013,10,11,13.754
65,2013,10,15,9.1194
70,2013,10,7,4.1681
75,2013,10,4,2.5839
80,2013,10,1,2.2224
85,2013,10,0,2.0006
90,2013,10,1,0.7172
95,2013,10,0,2.5189
-1,2013,11,460,447.79
0,2013,11,0,-0.93415
5,2013,11,0,1.3886
10,2013,11,7,8.8424
15,2013,11,78,88.833
20,2013,11,171,167.14
25,2013,11,120,132.48
30,2013,11,96,101.02
35,2013,11,63,72.787
40,2013,11,56,62.484
45,2013,11,47,43.663
50,2013,11,38,38.806
55,2013,11,21,24.449
60,2013,11,12,13.385
65,2013,11,11,7.9572
70,2013,11,3,3.2971
75,2013,11,1,1.037
80,2013,11,2,1.4981
85,2013,11,4,0.94976
90,2013,11,0,0.98693
95,2013,11,0,2.0942
-1,2013,12,472,486.17
0,2013,12,0,-0.53774
5,2013,12,0,1.227
10,2013,12,4,10.666
15,2013,12,72,91.074
20,2013,12,171,182.11
25,2013,12,105,125.64
30,2013,12,107,103.38
35,2013,12,66,67.087
40,2013,12,59,59.24
45,2013,12,42,44.372
50,2013,12,42,37.538
55,2013,12,15,24.284
60,2013,12,13,13.401
65,2013,12,13,7.9401
70,2013,12,4,4.2642
75,2013,12,3,2.366
80,2013,12,1,1.1551
85,2013,12,1,1.3024
90,2013,12,1,1.0587
95,2013,12,2,1.9171
-1,2014,1,343,448.72
0,2014,1,0,-0.73456
5,2014,1,0,2.7648
10,2014,1,6,6.3398
15,2014,1,105,86.802
20,2014,1,147,174.11
25,2014,1,136,123.2
30,2014,1,111,103.88
35,2014,1,80,66.881
40,2014,1,46,61.766
45,2014,1,52,43.864
50,2014,1,32,40.867
55,2014,1,25,23.443
60,2014,1,16,12.685
65,2014,1,12,9.0086
70,2014,1,5,3.7122
75,2014,1,4,1.3589
80,2014,1,0,1.527
85,2014,1,1,0.83001
90,2014,1,0,0.92937
95,2014,1,1,2.212
-1,2014,2,256,329.9
0,2014,2,0,-1.0434
5,2014,2,0,1.045
10,2014,2,2,7.4638
15,2014,2,71,84.956
20,2014,2,166,150.42
25,2014,2,99,121.48
30,2014,2,95,100.15
35,2014,2,66,67.583
40,2014,2,56,55.573
45,2014,2,31,45.46
50,2014,2,38,36.683
55,2014,2,28,22.135
60,2014,2,14,13.081
65,2014,2,4,9.5219
70,2014,2,7,3.2816
75,2014,2,6,1.0688
80,2014,2,0,0.65518
85,2014,2,0,0.45449
90,2014,2,0,1.311
95,2014,2,0,1.8318
-1,2014,3,353,369.28
0,2014,3,0,-1.0069
5,2014,3,0,1.5497
10,2014,3,6,7.1193
15,2014,3,101,86.936
20,2014,3,131,156.9
25,2014,3,140,119.25
30,2014,3,103,100.05
35,2014,3,73,66.005
40,2014,3,56,55.551
45,2014,3,39,42.965
50,2014,3,45,37.189
55,2014,3,32,24.016
60,2014,3,12,12.689
65,2014,3,17,9.9475
70,2014,3,4,4.8075
75,2014,3,0,2.3906
80,2014,3,3,0.70618
85,2014,3,1,0.8601
90,2014,3,0,1.0049
95,2014,3,0,1.6995
-1,2014,4,374,371.57
0,2014,4,1,-1.0434
5,2014,4,1,1.3003
10,2014,4,6,6.7298
15,2014,4,87,87.881
20,2014,4,161,160.85
25,2014,4,131,125.59
30,2014,4,105,99.533
35,2014,4,69,69.822
40,2014,4,70,57.516
45,2014,4,51,45.094
50,2014,4,43,37.82
55,2014,4,24,23.969
60,2014,4,18,13.006
65,2014,4,8,9.7751
70,2014,4,4,4.3738
75,2014,4,2,2.2166
80,2014,4,4,0.63744
85,2014,4,3,1.3762
90,2014,4,0,0.78285
95,2014,4,0,1.9526
-1,2014,5,422,390.33
0,2014,5,0,0.097411
5,2014,5,1,1.2366
10,2014,5,4,6.0879
15,2014,5,91,89.11
20,2014,5,175,164.99
25,2014,5,143,127.92
30,2014,5,121,104.76
35,2014,5,95,70.769
40,2014,5,79,60.196
45,2014,5,65,46.814
50,2014,5,41,40.529
55,2014,5,27,22.672
60,2014,5,13,14.119
65,2014,5,11,9.8354
70,2014,5,6,3.5538
75,2014,5,3,2.0214
80,2014,5,1,0.83641
85,2014,5,2,1.0002
90,2014,5,0,0.8497
95,2014,5,0,2.1023
-1,2014,6,448,444.18
0,2014,6,0,-0.46717
5,2014,6,0,1.3477
10,2014,6,6,8.0328
15,2014,6,88,91.781
20,2014,6,166,169.09
25,2014,6,127,135.08
30,2014,6,90,109.19
35,2014,6,77,80.924
40,2014,6,65,63.513
45,2014,6,46,50.937
50,2014,6,37,39.047
55,2014,6,28,25.684
60,2014,6,12,14.555
65,2014,6,8,8.5664
70,2014,6,5,4.9733
75,2014,6,2,2.5931
80,2014,6,3,0.40892
85,2014,6,0,0.76047
90,2014,6,0,0.67344
95,2014,6,0,1.7965
-1,2014,7,390,501.71
0,2014,7,0,-1.068
5,2014,7,0,1.4882
10,2014,7,4,7.0967
15,2014,7,105,96.928
20,2014,7,184,185.35
25,2014,7,136,131.99
30,2014,7,105,101.97
35,2014,7,97,76.148
40,2014,7,76,65.069
45,2014,7,52,46.62
50,2014,7,41,41.97
55,2014,7,24,25.407
60,2014,7,20,14.527
65,2014,7,6,8.4523
70,2014,7,4,4.6313
75,2014,7,5,2.112
80,2014,7,6,0.95684
85,2014,7,1,1.1321
90,2014,7,1,0.71755
95,2014,7,1,1.5429
-1,2014,8,461,436.39
0,2014,8,0,-1.0265
5,2014,8,0,1.3155
10,2014,8,5,6.5514
15,2014,8,106,93.101
20,2014,8,189,178.75
25,2014,8,122,138.5
30,2014,8,104,107.94
35,2014,8,86,82.745
40,2014,8,64,66.566
45,2014,8,43,49.386
50,2014,8,41,40.288
55,2014,8,39,26.874
60,2014,8,7,13.532
65,2014,8,9,9.9538
70,2014,8,4,3.5846
75,2014,8,5,1.1433
80,2014,8,6,2.0435
85,2014,8,0,1.2267
90,2014,8,0,0.68039
95,2014,8,1,1.4799
-1,2014,9,415,414.81
0,2014,9,0,-0.865
5,2014,9,0,1.5946
10,2014,9,1,8.0354
15,2014,9,110,98.266
20,2014,9,164,176.61
25,2014,9,125,126.74
30,2014,9,90,106.49
35,2014,9,81,78.834
40,2014,9,49,67.085
45,2014,9,49,50.616
50,2014,9,38,41.156
55,2014,9,28,25.945
60,2014,9,14,13.916
65,2014,9,5,8.3277
70,2014,9,5,4.1319
75,2014,9,5,2.4806
80,2014,9,0,1.8196
85,2014,9,2,1.4682
90,2014,9,1,0.67689
95,2014,9,0,1.5519
-1,2014,10,437,429.62
0,2014,10,0,-1.0434
5,2014,10,0,1.5705
10,2014,10,0,6.7945
15,2014,10,105,103.83
20,2014,10,194,168.92
25,2014,10,140,128.97
30,2014,10,103,96.872
35,2014,10,71,82.352
40,2014,10,62,61.824
45,2014,10,41,51.113
50,2014,10,43,39.44
55,2014,10,33,25.79
60,2014,10,9,13.153
65,2014,10,6,7.5618
70,2014,10,9,5.026
75,2014,10,3,2.7091
80,2014,10,4,2.308
85,2014,10,3,1.2402
90,2014,10,1,0.62956
95,2014,10,1,1.9602
-1,2014,11,443,454.82
0,2014,11,1,-1.0295
5,2014,11,0,0.95956
10,2014,11,1,6.4994
15,2014,11,91,95.225
20,2014,11,134,174.5
25,2014,11,111,127.99
30,2014,11,121,94.392
35,2014,11,72,75.1
40,2014,11,57,61.167
45,2014,11,40,46.731
50,2014,11,39,36.547
55,2014,11,24,27.082
60,2014,11,18,13.534
65,2014,11,13,6.5657
70,2014,11,2,4.1407
75,2014,11,5,2.3914
80,2014,11,3,3.0513
85,2014,11,2,0.56877
90,2014,11,1,0.75221
95,2014,11,0,1.8091
-1,2014,12,524,458.28
0,2014,12,0,-1.0365
5,2014,12,0,0.95956
10,2014,12,1,5.456
15,2014,12,92,89.171
20,2014,12,158,164.76
25,2014,12,133,118.22
30,2014,12,103,105.01
35,2014,12,74,76.323
40,2014,12,61,60.72
45,2014,12,62,47.561
50,2014,12,35,38.876
55,2014,12,26,26.745
60,2014,12,22,13.537
65,2014,12,5,7.6089
70,2014,12,3,3.6501
75,2014,12,2,3.5319
80,2014,12,6,3.0373
85,2014,12,1,0.9517
90,2014,12,1,1.0858
95,2014,12,0,1.9122
