1,2010,1,1,3.2394
2,2010,1,29,29.037
3,2010,1,14,16.659
4,2010,1,163,178.08
5,2010,1,11,14.829
6,2010,1,12,8.4971
7,2010,1,4,3.7298
10,2010,1,50,47.785
11,2010,1,5,2.0835
12,2010,1,2,2.0959
13,2010,1,20,37.76
14,2010,1,33,25.663
15,2010,1,6,3.5609
16,2010,1,12,10.019
18,2010,1,42,33.162
19,2010,1,2,2.4621
20,2010,1,20,42.524
21,2010,1,18,14.005
22,2010,1,52,48.685
23,2010,1,13,7.2437
24,2010,1,12,13.02
25,2010,1,40,31.931
26,2010,1,4,2.3063
27,2010,1,2,4.3734
28,2010,1,22,15.781
29,2010,1,1,1.5144
30,2010,1,28,27.885
32,2010,1,70,64.377
33,2010,1,38,44.945
34,2010,1,0,0.60601
35,2010,1,29,46.13
36,2010,1,18,19.79
37,2010,1,8,9.4576
38,2010,1,46,58.011
39,2010,1,3,2.6089
40,2010,1,25,25.322
41,2010,1,1,2.0941
42,2010,1,31,36.466
43,2010,1,107,119.67
44,2010,1,6,4.6548
45,2010,1,0,0.84472
46,2010,1,37,29.85
47,2010,1,11,16.994
48,2010,1,4,5.8865
50,2010,1,2,0.95154
1,2010,2,2,2.6186
2,2010,2,23,27.624
3,2010,2,11,13.403
4,2010,2,127,155.88
5,2010,2,5,12.041
6,2010,2,11,9.2698
7,2010,2,8,3.7514
10,2010,2,36,42.855
11,2010,2,1,2.085
12,2010,2,1,1.9355
13,2010,2,26,30.211
14,2010,2,14,25.987
15,2010,2,2,5.2637
16,2010,2,6,11.156
18,2010,2,31,39.805
19,2010,2,2,2.4842
20,2010,2,23,34.485
21,2010,2,15,13.048
22,2010,2,33,43.617
23,2010,2,10,7.7689
24,2010,2,10,10.912
25,2010,2,25,37.476
26,2010,2,1,2.4025
27,2010,2,5,3.1593
28,2010,2,7,15.446
29,2010,2,0,1.633
30,2010,2,29,26.059
32,2010,2,61,64.546
33,2010,2,29,36.806
34,2010,2,2,0.86793
35,2010,2,30,36.346
36,2010,2,19,17.845
37,2010,2,11,7.5374
38,2010,2,39,53.418
39,2010,2,0,2.8805
40,2010,2,20,21.992
41,2010,2,0,2.2392
42,2010,2,23,36.26
43,2010,2,105,107.8
44,2010,2,3,4.7685
45,2010,2,0,0.93323
46,2010,2,22,29.08
47,2010,2,10,18.26
48,2010,2,4,6.063
50,2010,2,1,0.9403
1,2010,3,6,2.3641
2,2010,3,32,27.942
3,2010,3,5,13.167
4,2010,3,183,160.99
5,2010,3,12,11.95
6,2010,3,13,8.3414
7,2010,3,3,4.1761
10,2010,3,46,42.649
11,2010,3,3,2.2209
12,2010,3,2,1.7504
13,2010,3,34,29.854
14,2010,3,25,25.816
15,2010,3,3,3.7909
16,2010,3,7,9.1733
18,2010,3,58,32.898
19,2010,3,1,2.0817
20,2010,3,39,33.045
21,2010,3,22,14.69
22,2010,3,52,41.984
23,2010,3,9,8.842
24,2010,3,13,13.98
25,2010,3,31,35.114
26,2010,3,0,2.7872
27,2010,3,8,3.6385
28,2010,3,14,13.154
29,2010,3,1,1.2106
30,2010,3,24,27.952
32,2010,3,71,59.944
33,2010,3,38,37.044
34,2010,3,2,1.369
35,2010,3,54,38.353
36,2010,3,9,18.508
37,2010,3,5,10.337
38,2010,3,67,54.328
39,2010,3,1,3.208
40,2010,3,15,24.915
41,2010,3,0,1.3888
42,2010,3,40,34.749
43,2010,3,98,113.05
44,2010,3,3,4.5619
45,2010,3,1,0.85926
46,2010,3,36,29.203
47,2010,3,14,16.094
48,2010,3,6,4.4333
50,2010,3,0,1.3462
1,2010,4,3,3.1697
2,2010,4,34,32.141
3,2010,4,7,12.57
4,2010,4,175,172.68
5,2010,4,14,11.892
6,2010,4,11,10.69
7,2010,4,2,3.7114
10,2010,4,50,43.396
11,2010,4,2,2.2678
12,2010,4,3,1.9264
13,2010,4,53,36.316
14,2010,4,35,24.164
15,2010,4,2,3.9793
16,2010,4,8,8.0906
18,2010,4,51,43.064
19,2010,4,2,3.0345
20,2010,4,34,35.627
21,2010,4,12,17.29
22,2010,4,57,48.588
23,2010,4,10,8.9885
24,2010,4,20,14.248
25,2010,4,38,32.664
26,2010,4,2,2.3898
27,2010,4,6,3.7571
28,2010,4,15,14.109
29,2010,4,1,1.0709
30,2010,4,32,27.599
32,2010,4,61,67.561
33,2010,4,33,42.027
34,2010,4,0,0.91819
35,2010,4,46,40.159
36,2010,4,18,16.468
37,2010,4,5,7.5417
38,2010,4,51,58.853
39,2010,4,6,2.1329
40,2010,4,25,24.38
41,2010,4,3,1.4727
42,2010,4,33,34.596
43,2010,4,113,111.1
44,2010,4,4,4.5435
45,2010,4,0,1.1555
46,2010,4,39,35.474
47,2010,4,14,17.038
48,2010,4,6,5.6618
50,2010,4,0,0.69836
1,2010,5,3,3.419
2,2010,5,26,29.986
3,2010,5,11,10.119
4,2010,5,200,175.04
5,2010,5,14,13.159
6,2010,5,16,10.299
7,2010,5,5,4.465
10,2010,5,40,47.63
11,2010,5,3,2.8772
12,2010,5,2,2.7026
13,2010,5,49,42.497
14,2010,5,28,27.824
15,2010,5,4,4.2838
16,2010,5,8,9.059
18,2010,5,45,45.382
19,2010,5,4,1.6191
20,2010,5,42,35.897
21,2010,5,21,14.368
22,2010,5,54,53.856
23,2010,5,12,8.0341
24,2010,5,12,13.882
25,2010,5,36,33.464
26,2010,5,1,2.7777
27,2010,5,5,3.786
28,2010,5,15,15.508
29,2010,5,0,1.4141
30,2010,5,31,32.239
32,2010,5,58,62.091
33,2010,5,50,40.23
34,2010,5,0,1.031
35,2010,5,33,44.476
36,2010,5,17,18.061
37,2010,5,5,7.0846
38,2010,5,58,56.081
39,2010,5,3,2.7251
40,2010,5,22,23.816
41,2010,5,4,1.8452
42,2010,5,37,34.4
43,2010,5,120,121.6
44,2010,5,8,4.2172
45,2010,5,0,0.48465
46,2010,5,46,33.222
47,2010,5,17,13.525
48,2010,5,2,6.4354
50,2010,5,2,1.2544
1,2010,6,3,3.06
2,2010,6,30,31.845
3,2010,6,11,12.035
4,2010,6,151,177.38
5,2010,6,12,13.381
6,2010,6,10,13.33
7,2010,6,2,4.8048
10,2010,6,46,45.167
11,2010,6,1,2.2641
12,2010,6,0,2.4949
13,2010,6,51,43.301
14,2010,6,24,28.325
15,2010,6,4,3.9466
16,2010,6,11,9.9825
18,2010,6,47,48.645
19,2010,6,5,2.6101
20,2010,6,42,37.519
21,2010,6,14,17.528
22,2010,6,48,52.881
23,2010,6,6,11.338
24,2010,6,22,14.774
25,2010,6,39,35.963
26,2010,6,0,1.8187
27,2010,6,2,4.334
28,2010,6,13,15.934
29,2010,6,3,0.83034
30,2010,6,45,30.603
32,2010,6,87,64.601
33,2010,6,45,44.409
34,2010,6,2,1.0639
35,2010,6,47,40.86
36,2010,6,15,17.229
37,2010,6,7,5.949
38,2010,6,68,56.853
39,2010,6,3,3.6338
40,2010,6,22,22.347
41,2010,6,0,1.5808
42,2010,6,31,35.285
43,2010,6,118,115.28
44,2010,6,6,4.7449
45,2010,6,1,0.67253
46,2010,6,35,39.638
47,2010,6,11,15.371
48,2010,6,10,5.167
50,2010,6,2,1.0489
1,2010,7,2,3.0542
2,2010,7,35,33.32
3,2010,7,15,12.455
4,2010,7,155,176.71
5,2010,7,19,12.743
6,2010,7,10,11.53
7,2010,7,2,4.2895
10,2010,7,49,50.31
11,2010,7,1,2.776
12,2010,7,2,1.7956
13,2010,7,44,51.867
14,2010,7,24,24.87
15,2010,7,4,4.9835
16,2010,7,13,9.1347
18,2010,7,40,48.586
19,2010,7,3,2.7852
20,2010,7,48,37.666
21,2010,7,20,17.526
22,2010,7,69,53.939
23,2010,7,16,9.932
24,2010,7,16,15.459
25,2010,7,47,35.204
26,2010,7,3,1.6571
27,2010,7,6,4.4841
28,2010,7,16,14.946
29,2010,7,0,1.063
30,2010,7,37,33.146
32,2010,7,106,74.869
33,2010,7,48,44.946
34,2010,7,1,1.416
35,2010,7,44,45.651
36,2010,7,23,16.755
37,2010,7,12,8.794
38,2010,7,76,60.825
39,2010,7,3,3.0487
40,2010,7,20,24.194
41,2010,7,1,1.519
42,2010,7,44,39.652
43,2010,7,118,120.01
44,2010,7,3,4.9185
45,2010,7,0,0.91961
46,2010,7,35,36.857
47,2010,7,17,14.896
48,2010,7,3,6.7933
50,2010,7,0,1.7372
1,2010,8,8,3.4444
2,2010,8,50,32.576
3,2010,8,12,13.132
4,2010,8,175,171.85
5,2010,8,5,14.678
6,2010,8,17,12.06
7,2010,8,5,3.5546
10,2010,8,59,50.628
11,2010,8,2,1.8447
12,2010,8,1,2.0626
13,2010,8,62,47.371
14,2010,8,17,26.523
15,2010,8,2,3.476
16,2010,8,15,9.1081
18,2010,8,41,42.449
19,2010,8,2,3.5754
20,2010,8,54,39.909
21,2010,8,17,16.405
22,2010,8,48,59.328
23,2010,8,6,11.607
24,2010,8,21,16.682
25,2010,8,34,40.115
26,2010,8,2,2.0466
27,2010,8,2,5.0431
28,2010,8,17,15.42
29,2010,8,2,0.98332
30,2010,8,36,33.895
32,2010,8,80,85.143
33,2010,8,39,43.341
34,2010,8,0,0.97576
35,2010,8,43,44.035
36,2010,8,16,18.013
37,2010,8,9,7.629
38,2010,8,56,66.553
39,2010,8,1,3.7046
40,2010,8,22,22.709
41,2010,8,5,1.3181
42,2010,8,27,39.442
43,2010,8,126,118.46
44,2010,8,5,4.2583
45,2010,8,1,1.0452
46,2010,8,24,37.334
47,2010,8,21,15.292
48,2010,8,5,7.2937
50,2010,8,1,1.3147
1,2010,9,2,3.7552
2,2010,9,29,35.277
3,2010,9,12,12.134
4,2010,9,139,166.57
5,2010,9,14,12.233
6,2010,9,7,11.775
7,2010,9,6,3.6409
10,2010,9,49,47.253
11,2010,9,4,1.7225
12,2010,9,3,2.184
13,2010,9,34,51.017
14,2010,9,21,24.921
15,2010,9,3,3.5878
16,2010,9,8,12.623
18,2010,9,48,38.605
19,2010,9,1,2.3663
20,2010,9,38,45.425
21,2010,9,25,15.165
22,2010,9,42,55.807
23,2010,9,8,9.0849
24,2010,9,13,16.353
25,2010,9,29,38.561
26,2010,9,1,1.6297
27,2010,9,7,4.2725
28,2010,9,15,15.7
29,2010,9,0,1.4733
30,2010,9,42,32.62
32,2010,9,76,77.729
33,2010,9,37,41.993
34,2010,9,0,0.52762
35,2010,9,39,41.045
36,2010,9,19,19.159
37,2010,9,4,8.6663
38,2010,9,69,61.254
39,2010,9,3,3.3546
40,2010,9,25,24.421
41,2010,9,0,2.4765
42,2010,9,43,34.879
43,2010,9,115,120.88
44,2010,9,5,4.5116
45,2010,9,2,0.92023
46,2010,9,33,31.599
47,2010,9,13,17.324
48,2010,9,7,6.1814
50,2010,9,0,1.1313
1,2010,10,5,2.8819
2,2010,10,45,32.348
3,2010,10,10,13.909
4,2010,10,157,158.3
5,2010,10,19,12.486
6,2010,10,8,11.842
7,2010,10,6,4.2799
10,2010,10,56,49.449
11,2010,10,1,2.9779
12,2010,10,4,1.5643
13,2010,10,38,43.109
14,2010,10,22,27.062
15,2010,10,4,3.6912
16,2010,10,5,11.686
18,2010,10,22,38.443
19,2010,10,2,2.9539
20,2010,10,36,41.389
21,2010,10,18,18.045
22,2010,10,50,46.716
23,2010,10,9,8.2767
24,2010,10,10,14.84
25,2010,10,37,38.868
26,2010,10,0,1.6697
27,2010,10,3,3.8726
28,2010,10,9,15.463
29,2010,10,0,2.4214
30,2010,10,35,36.23
32,2010,10,71,76.138
33,2010,10,37,40.32
34,2010,10,1,1.0234
35,2010,10,52,44.91
36,2010,10,15,18.082
37,2010,10,11,6.7558
38,2010,10,63,64.119
39,2010,10,1,2.772
40,2010,10,33,24.98
41,2010,10,1,1.4801
42,2010,10,33,37.13
43,2010,10,133,113.51
44,2010,10,3,4.5864
45,2010,10,1,1.7818
46,2010,10,33,32.15
47,2010,10,20,14.449
48,2010,10,3,6.4064
50,2010,10,0,0.84647
1,2010,11,5,3.8635
2,2010,11,30,34.855
3,2010,11,20,13.891
4,2010,11,151,157.87
5,2010,11,13,15.317
6,2010,11,12,8.8571
7,2010,11,4,4.3702
10,2010,11,46,48.14
11,2010,11,2,1.8305
12,2010,11,1,2.1118
13,2010,11,36,41.497
14,2010,11,14,21.483
15,2010,11,3,3.7765
16,2010,11,9,9.9577
18,2010,11,30,31.85
19,2010,11,1,2.9878
20,2010,11,33,43.197
21,2010,11,25,16.287
22,2010,11,50,50.794
23,2010,11,3,8.8389
24,2010,11,12,16.435
25,2010,11,53,37.382
26,2010,11,4,1.6444
27,2010,11,7,3.1841
28,2010,11,21,14.312
29,2010,11,4,1.1728
30,2010,11,24,35.305
32,2010,11,60,73.835
33,2010,11,41,41.671
34,2010,11,0,0.95523
35,2010,11,30,43.006
36,2010,11,20,18.624
37,2010,11,5,9.4913
38,2010,11,51,63.286
39,2010,11,1,1.895
40,2010,11,25,25.222
41,2010,11,1,1.7315
42,2010,11,29,35.434
43,2010,11,110,119.79
44,2010,11,5,4.6728
45,2010,11,1,1.0598
46,2010,11,26,29.138
47,2010,11,17,17.892
48,2010,11,2,4.8725
50,2010,11,0,1.5017
1,2010,12,3,3.9574
2,2010,12,37,35.074
3,2010,12,13,13.723
4,2010,12,172,159.29
5,2010,12,7,14.182
6,2010,12,7,9.9607
7,2010,12,5,4.2952
10,2010,12,38,51.114
11,2010,12,2,2.2048
12,2010,12,1,2.3864
13,2010,12,25,40.122
14,2010,12,34,23.237
15,2010,12,2,4.0608
16,2010,12,5,9.461
18,2010,12,38,31.929
19,2010,12,2,1.825
20,2010,12,36,42.295
21,2010,12,12,17.491
22,2010,12,51,48.117
23,2010,12,3,7.8399
24,2010,12,13,14.446
25,2010,12,41,38.355
26,2010,12,5,2.3207
27,2010,12,5,4.8108
28,2010,12,11,16.481
29,2010,12,1,1.5417
30,2010,12,29,32.928
32,2010,12,62,70.569
33,2010,12,33,42.49
34,2010,12,1,0.42178
35,2010,12,34,40.78
36,2010,12,20,17.008
37,2010,12,11,8.7302
38,2010,12,55,58.963
39,2010,12,5,3.1957
40,2010,12,24,24.207
41,2010,12,1,2.0035
42,2010,12,26,33.578
43,2010,12,100,119.89
44,2010,12,7,4.8429
45,2010,12,0,1.2086
46,2010,12,21,30.494
47,2010,12,10,20.03
48,2010,12,5,4.498
50,2010,12,0,0.54817
1,2011,1,1,3.4643
2,2011,1,36,34.131
3,2011,1,14,15.38
4,2011,1,179,164.27
5,2011,1,15,11.254
6,2011,1,8,10.107
7,2011,1,2,4.3861
10,2011,1,51,48.265
11,2011,1,2,2.7966
12,2011,1,2,2.1944
13,2011,1,33,30.192
14,2011,1,36,25.404
15,2011,1,10,3.4521
16,2011,1,8,9.0518
18,2011,1,44,37.411
19,2011,1,1,1.8489
20,2011,1,41,35.455
21,2011,1,16,17.981
22,2011,1,58,50.657
23,2011,1,8,7.5616
24,2011,1,18,13.16
25,2011,1,18,37.745
26,2011,1,3,3.0245
27,2011,1,11,4.245
28,2011,1,8,17.015
29,2011,1,0,1.4492
30,2011,1,27,30.501
32,2011,1,43,66.566
33,2011,1,24,38.173
34,2011,1,4,0.49778
35,2011,1,39,37.512
36,2011,1,20,19.416
37,2011,1,9,8.4466
38,2011,1,60,54.539
39,2011,1,2,2.4241
40,2011,1,31,26.129
41,2011,1,1,1.6692
42,2011,1,30,31.319
43,2011,1,84,109
44,2011,1,2,5.584
45,2011,1,0,0.88599
46,2011,1,28,29.346
47,2011,1,15,14.119
48,2011,1,7,4.435
50,2011,1,0,0.7765
1,2011,2,1,3.2257
2,2011,2,24,32.604
3,2011,2,11,12.71
4,2011,2,116,154.4
5,2011,2,11,11.17
6,2011,2,7,8.4789
7,2011,2,1,4.7491
10,2011,2,33,44.251
11,2011,2,2,2.1189
12,2011,2,2,2.0695
13,2011,2,28,29.949
14,2011,2,16,22.864
15,2011,2,2,4.4131
16,2011,2,10,7.4054
18,2011,2,40,36.517
19,2011,2,2,1.5377
20,2011,2,26,33.825
21,2011,2,11,15.439
22,2011,2,35,46.712
23,2011,2,4,7.2236
24,2011,2,13,11.336
25,2011,2,34,29.194
26,2011,2,1,2.1714
27,2011,2,8,5.4691
28,2011,2,5,12.257
29,2011,2,1,0.82142
30,2011,2,25,28.312
32,2011,2,41,58.001
33,2011,2,27,31.804
34,2011,2,1,1.7362
35,2011,2,28,36.296
36,2011,2,14,18.698
37,2011,2,9,8.6101
38,2011,2,55,52.935
39,2011,2,0,1.9549
40,2011,2,14,25.307
41,2011,2,0,1.3116
42,2011,2,34,29.474
43,2011,2,89,99.732
44,2011,2,4,4.0164
45,2011,2,0,0.59432
46,2011,2,18,25.831
47,2011,2,9,14.756
48,2011,2,5,4.6925
50,2011,2,1,0.49268
1,2011,3,4,4.0585
2,2011,3,33,32.656
3,2011,3,8,11.845
4,2011,3,145,153.37
5,2011,3,22,13.177
6,2011,3,12,8.5371
7,2011,3,2,3.4349
10,2011,3,41,42.264
11,2011,3,0,2.5349
12,2011,3,4,2.1641
13,2011,3,25,31.294
14,2011,3,15,24.144
15,2011,3,4,3.4927
16,2011,3,11,8.8086
18,2011,3,50,41.154
19,2011,3,1,1.5245
20,2011,3,33,34.751
21,2011,3,14,16.844
22,2011,3,58,47.368
23,2011,3,6,6.3871
24,2011,3,12,13.542
25,2011,3,34,34.927
26,2011,3,2,1.7909
27,2011,3,5,6.6671
28,2011,3,12,11.859
29,2011,3,0,1.2832
30,2011,3,36,26.296
32,2011,3,57,54.755
33,2011,3,34,33.336
34,2011,3,2,1.6358
35,2011,3,43,39.45
36,2011,3,23,16.118
37,2011,3,5,8.5284
38,2011,3,48,59.807
39,2011,3,2,1.8973
40,2011,3,21,22.193
41,2011,3,2,0.73423
42,2011,3,30,34.428
43,2011,3,94,98.718
44,2011,3,8,3.7721
45,2011,3,0,0.63276
46,2011,3,28,27.782
47,2011,3,15,14.49
48,2011,3,6,4.7415
50,2011,3,1,0.71054
1,2011,4,3,2.7683
2,2011,4,33,33.992
3,2011,4,14,11.841
4,2011,4,157,156.11
5,2011,4,16,14.642
6,2011,4,13,9.827
7,2011,4,3,2.6422
10,2011,4,43,43.499
11,2011,4,1,1.9168
12,2011,4,1,2.5038
13,2011,4,39,35.676
14,2011,4,26,25.367
15,2011,4,7,3.8301
16,2011,4,7,8.0555
18,2011,4,54,44.095
19,2011,4,1,2.05
20,2011,4,47,35.26
21,2011,4,10,14.732
22,2011,4,63,53.821
23,2011,4,7,6.9194
24,2011,4,9,15.587
25,2011,4,37,34.595
26,2011,4,0,2.8242
27,2011,4,3,6.075
28,2011,4,12,12.183
29,2011,4,2,0.99351
30,2011,4,32,29.538
32,2011,4,64,56.055
33,2011,4,36,33.791
34,2011,4,3,1.2139
35,2011,4,45,38.86
36,2011,4,18,19.595
37,2011,4,9,6.8978
38,2011,4,43,54.129
39,2011,4,0,2.7545
40,2011,4,38,24.206
41,2011,4,3,1.8678
42,2011,4,37,32.729
43,2011,4,113,99.679
44,2011,4,5,4.8103
45,2011,4,0,0.43234
46,2011,4,28,30.782
47,2011,4,22,13.83
48,2011,4,6,6.1502
50,2011,4,1,0.53107
1,2011,5,1,2.709
2,2011,5,30,31.199
3,2011,5,14,12.718
4,2011,5,193,164.58
5,2011,5,11,14.528
6,2011,5,11,11.696
7,2011,5,3,3.4152
10,2011,5,46,41.716
11,2011,5,6,2.0181
12,2011,5,9,2.504
13,2011,5,42,37.456
14,2011,5,25,26.247
15,2011,5,6,5.1385
16,2011,5,11,8.0145
18,2011,5,39,47.22
19,2011,5,3,1.9734
20,2011,5,37,39.7
21,2011,5,11,15.114
22,2011,5,51,56.033
23,2011,5,7,8.0416
24,2011,5,29,12.752
25,2011,5,40,33.708
26,2011,5,1,2.2168
27,2011,5,3,5.0285
28,2011,5,12,12.772
29,2011,5,2,0.9367
30,2011,5,36,30.874
32,2011,5,79,57.918
33,2011,5,54,37.296
34,2011,5,0,1.7735
35,2011,5,36,38.415
36,2011,5,23,18.864
37,2011,5,4,7.3794
38,2011,5,54,52.82
39,2011,5,3,2.2329
40,2011,5,36,26.922
41,2011,5,2,1.9096
42,2011,5,39,34.809
43,2011,5,129,109.1
44,2011,5,3,5.1732
45,2011,5,0,0.4362
46,2011,5,30,30.815
47,2011,5,16,15.53
48,2011,5,8,5.5661
50,2011,5,1,1.1872
1,2011,6,2,2.8144
2,2011,6,37,32.173
3,2011,6,10,13.04
4,2011,6,160,165.66
5,2011,6,10,14.348
6,2011,6,11,11.02
7,2011,6,7,3.2067
10,2011,6,63,44.2
11,2011,6,2,2.0804
12,2011,6,1,3.6765
13,2011,6,49,40.525
14,2011,6,27,25.7
15,2011,6,2,4.9618
16,2011,6,10,11.989
18,2011,6,41,45.598
19,2011,6,9,2.7579
20,2011,6,34,38.973
21,2011,6,14,13.588
22,2011,6,69,52.844
23,2011,6,8,7.5168
24,2011,6,16,18.49
25,2011,6,41,34.592
26,2011,6,3,1.6986
27,2011,6,4,4.5381
28,2011,6,15,11.904
29,2011,6,2,1.6886
30,2011,6,22,36.061
32,2011,6,66,70.431
33,2011,6,52,41.533
34,2011,6,0,1.8313
35,2011,6,37,40.921
36,2011,6,18,19.102
37,2011,6,11,6.4027
38,2011,6,57,57.115
39,2011,6,2,2.4664
40,2011,6,33,27.521
41,2011,6,1,1.2177
42,2011,6,35,35.124
43,2011,6,94,114.27
44,2011,6,7,4.4051
45,2011,6,2,0.48349
46,2011,6,22,30.547
47,2011,6,14,14.678
48,2011,6,10,7.6617
50,2011,6,2,1.205
1,2011,7,2,2.4976
2,2011,7,33,34.839
3,2011,7,16,13.104
4,2011,7,180,158.98
5,2011,7,19,15.056
6,2011,7,17,9.917
7,2011,7,3,4.0952
10,2011,7,56,51.315
11,2011,7,0,2.6352
12,2011,7,1,2.9512
13,2011,7,62,43.448
14,2011,7,29,23.107
15,2011,7,2,4.801
16,2011,7,8,10.231
18,2011,7,44,45.913
19,2011,7,5,3.3734
20,2011,7,40,39.635
21,2011,7,23,15.131
22,2011,7,57,62.192
23,2011,7,6,9.7347
24,2011,7,20,16.11
25,2011,7,32,39.051
26,2011,7,2,2.3306
27,2011,7,3,4.8779
28,2011,7,17,13.746
29,2011,7,4,1.332
30,2011,7,54,32.732
32,2011,7,81,76.849
33,2011,7,56,45.792
34,2011,7,2,1.2879
35,2011,7,40,40.487
36,2011,7,20,20.019
37,2011,7,7,9.8081
38,2011,7,67,59.712
39,2011,7,0,2.2052
40,2011,7,33,27.932
41,2011,7,1,1.6134
42,2011,7,40,38.913
43,2011,7,107,107.69
44,2011,7,7,5.4592
45,2011,7,2,0.73587
46,2011,7,33,28.087
47,2011,7,15,16.884
48,2011,7,6,6.7913
50,2011,7,7,1.4654
1,2011,8,3,3.8085
2,2011,8,35,37.443
3,2011,8,15,12.898
4,2011,8,163,173.88
5,2011,8,15,12.833
6,2011,8,8,13.972
7,2011,8,4,3.8418
10,2011,8,48,54.729
11,2011,8,1,1.739
12,2011,8,2,2.6088
13,2011,8,39,50.953
14,2011,8,31,24.43
15,2011,8,5,3.3854
16,2011,8,7,9.6977
18,2011,8,47,44.197
19,2011,8,1,3.753
20,2011,8,38,41.447
21,2011,8,22,15.993
22,2011,8,58,57.243
23,2011,8,10,7.4097
24,2011,8,12,17.431
25,2011,8,45,34.997
26,2011,8,1,1.7667
27,2011,8,9,3.8048
28,2011,8,13,15.231
29,2011,8,0,2.0644
30,2011,8,38,37.347
32,2011,8,78,74.933
33,2011,8,55,45.311
34,2011,8,1,1.222
35,2011,8,49,40.514
36,2011,8,18,18.933
37,2011,8,6,7.6583
38,2011,8,58,57.179
39,2011,8,3,1.5111
40,2011,8,20,29.383
41,2011,8,4,2.46
42,2011,8,42,35.512
43,2011,8,101,113.02
44,2011,8,5,5.8762
45,2011,8,2,1.277
46,2011,8,32,29.627
47,2011,8,12,17.545
48,2011,8,7,6.6195
50,2011,8,4,2.4653
1,2011,9,0,2.823
2,2011,9,31,32.922
3,2011,9,17,12.979
4,2011,9,152,157.82
5,2011,9,15,14.337
6,2011,9,10,10.468
7,2011,9,6,4.226
10,2011,9,50,49.602
11,2011,9,2,2.3523
12,2011,9,2,3.0049
13,2011,9,41,43.175
14,2011,9,28,26.798
15,2011,9,3,3.9991
16,2011,9,15,9.4527
18,2011,9,40,45.863
19,2011,9,1,3.0444
20,2011,9,38,40.337
21,2011,9,13,18.011
22,2011,9,56,55.103
23,2011,9,11,8.2155
24,2011,9,18,15.676
25,2011,9,35,35.908
26,2011,9,0,1.6431
27,2011,9,11,5.5105
28,2011,9,18,15.436
29,2011,9,2,1.6068
30,2011,9,28,36.628
32,2011,9,63,74.534
33,2011,9,44,47.516
34,2011,9,1,1.0037
35,2011,9,50,41.291
36,2011,9,18,19.586
37,2011,9,5,7.1123
38,2011,9,61,60.512
39,2011,9,0,2.3477
40,2011,9,24,28.875
41,2011,9,3,1.8653
42,2011,9,36,40.42
43,2011,9,104,108.58
44,2011,9,4,4.9245
45,2011,9,0,1.4153
46,2011,9,22,29.981
47,2011,9,18,15.024
48,2011,9,13,7.8901
50,2011,9,0,2.2763
1,2011,10,7,2.846
2,2011,10,33,36.027
3,2011,10,13,13.733
4,2011,10,180,160.02
5,2011,10,10,15.113
6,2011,10,11,10.594
7,2011,10,6,5.0812
10,2011,10,45,52.147
11,2011,10,0,2.1078
12,2011,10,2,2.7919
13,2011,10,52,42.423
14,2011,10,28,27.073
15,2011,10,1,4.1127
16,2011,10,8,9.7819
18,2011,10,36,37.421
19,2011,10,2,3.1591
20,2011,10,37,36.841
21,2011,10,13,17.274
22,2011,10,62,54.313
23,2011,10,6,8.2486
24,2011,10,21,15.958
25,2011,10,22,38.088
26,2011,10,5,1.1959
27,2011,10,5,5.1564
28,2011,10,13,15.588
29,2011,10,2,1.8931
30,2011,10,24,34.094
32,2011,10,66,70.356
33,2011,10,33,45.479
34,2011,10,0,1.1328
35,2011,10,50,47.652
36,2011,10,21,18.501
37,2011,10,6,7.929
38,2011,10,66,61.272
39,2011,10,5,1.9881
40,2011,10,26,29.065
41,2011,10,1,1.7857
42,2011,10,40,37.054
43,2011,10,100,112.66
44,2011,10,3,4.8162
45,2011,10,1,1.5991
46,2011,10,22,29.185
47,2011,10,16,16.075
48,2011,10,3,7.6977
50,2011,10,0,1.857
1,2011,11,7,3.8204
2,2011,11,29,32.179
3,2011,11,13,16.319
4,2011,11,141,164.97
5,2011,11,9,13.681
6,2011,11,11,10.44
7,2011,11,4,4.9519
10,2011,11,39,47.49
11,2011,11,1,1.3732
12,2011,11,1,1.6532
13,2011,11,36,45.018
14,2011,11,21,24.424
15,2011,11,3,2.9152
16,2011,11,7,9.4881
18,2011,11,37,38.127
19,2011,11,9,3.3853
20,2011,11,30,37.052
21,2011,11,20,17.802
22,2011,11,49,55.996
23,2011,11,7,7.4798
24,2011,11,14,16.64
25,2011,11,35,37.836
26,2011,11,0,2.6647
27,2011,11,4,5.7329
28,2011,11,17,17.066
29,2011,11,2,2.4633
30,2011,11,39,30.76
32,2011,11,61,67.447
33,2011,11,55,43.5
34,2011,11,0,0.80393
35,2011,11,38,41.947
36,2011,11,18,19.926
37,2011,11,12,8.369
38,2011,11,56,60.243
39,2011,11,3,2.1944
40,2011,11,22,27.571
41,2011,11,0,1.7206
42,2011,11,29,35.659
43,2011,11,98,103.36
44,2011,11,3,4.9644
45,2011,11,3,1.3138
46,2011,11,24,25.628
47,2011,11,14,15.787
48,2011,11,6,5.9374
50,2011,11,3,1.8782
1,2011,12,5,3.9184
2,2011,12,25,33.772
3,2011,12,15,15.656
4,2011,12,165,159.35
5,2011,12,14,13.078
6,2011,12,11,10.157
7,2011,12,7,4.4784
10,2011,12,42,44.035
11,2011,12,7,1.3482
12,2011,12,4,1.9541
13,2011,12,40,38.392
14,2011,12,25,29.385
15,2011,12,2,3.217
16,2011,12,15,9.651
18,2011,12,37,39.077
19,2011,12,0,3.3316
20,2011,12,28,37.596
21,2011,12,17,16.126
22,2011,12,52,53.664
23,2011,12,2,6.8244
24,2011,12,13,15.314
25,2011,12,29,34.989
26,2011,12,1,2.6505
27,2011,12,5,5.4594
28,2011,12,13,14.662
29,2011,12,0,1.6301
30,2011,12,37,34.111
32,2011,12,70,66.438
33,2011,12,37,45.343
34,2011,12,0,1.0231
35,2011,12,44,42.25
36,2011,12,16,18.684
37,2011,12,9,8.8121
38,2011,12,64,59.037
39,2011,12,0,3.4514
40,2011,12,36,24.707
41,2011,12,1,1.6825
42,2011,12,29,32.606
43,2011,12,104,101.71
44,2011,12,4,5.5249
45,2011,12,1,1.5985
46,2011,12,32,26.787
47,2011,12,17,15.538
48,2011,12,7,6.7503
50,2011,12,0,1.93
1,2012,1,2,3.7354
2,2012,1,36,31.663
3,2012,1,19,13.688
4,2012,1,159,165.53
5,2012,1,8,12.676
6,2012,1,7,10.142
7,2012,1,4,4.7313
10,2012,1,48,45.551
11,2012,1,4,2.8439
12,2012,1,3,2.735
13,2012,1,40,36.38
14,2012,1,26,29.09
15,2012,1,5,4.9218
16,2012,1,8,10.613
18,2012,1,59,40.621
19,2012,1,0,2.319
20,2012,1,24,34.889
21,2012,1,5,16.641
22,2012,1,68,54.665
23,2012,1,4,8.1191
24,2012,1,12,14.892
25,2012,1,31,28.75
26,2012,1,5,2.0411
27,2012,1,5,6.7911
28,2012,1,7,14.294
29,2012,1,2,1.3219
30,2012,1,30,31.802
32,2012,1,46,61.204
33,2012,1,46,38.625
34,2012,1,1,1.3031
35,2012,1,43,42.301
36,2012,1,19,18.521
37,2012,1,6,7.9044
38,2012,1,69,60.604
39,2012,1,5,2.1456
40,2012,1,25,28.393
41,2012,1,2,1.6203
42,2012,1,34,33.046
43,2012,1,97,97.125
44,2012,1,3,4.0233
45,2012,1,3,1.1299
46,2012,1,24,28.159
47,2012,1,16,15.212
48,2012,1,9,6.9949
50,2012,1,1,1.2561
1,2012,2,6,3.5542
2,2012,2,26,30.657
3,2012,2,5,14.711
4,2012,2,143,145.28
5,2012,2,15,10.592
6,2012,2,7,9.3759
7,2012,2,1,5.0023
10,2012,2,40,41.284
11,2012,2,3,2.9037
12,2012,2,6,2.3869
13,2012,2,30,35.805
14,2012,2,19,22.776
15,2012,2,2,2.7275
16,2012,2,0,9.0408
18,2012,2,19,42.33
19,2012,2,3,2.1969
20,2012,2,18,28.491
21,2012,2,12,12.659
22,2012,2,39,50.148
23,2012,2,11,6.2558
24,2012,2,13,14.55
25,2012,2,23,29.49
26,2012,2,1,2.2067
27,2012,2,2,5.7762
28,2012,2,11,11.32
29,2012,2,0,1.3878
30,2012,2,29,28.547
32,2012,2,47,52.87
33,2012,2,35,37.836
34,2012,2,1,0.85788
35,2012,2,30,38.592
36,2012,2,18,17.43
37,2012,2,7,8.0157
38,2012,2,48,59.667
39,2012,2,2,2.0447
40,2012,2,24,23.004
41,2012,2,0,1.0838
42,2012,2,30,31.786
43,2012,2,89,97.018
44,2012,2,3,3.9846
45,2012,2,0,1.2855
46,2012,2,17,23.192
47,2012,2,21,13.481
48,2012,2,8,6.4598
50,2012,2,3,1.1053
1,2012,3,3,5.5296
2,2012,3,29,31.401
3,2012,3,10,11.444
4,2012,3,168,150.37
5,2012,3,13,13.219
6,2012,3,9,9.7903
7,2012,3,0,3.6649
10,2012,3,58,42.68
11,2012,3,1,2.5087
12,2012,3,2,3.707
13,2012,3,53,34.553
14,2012,3,18,21.789
15,2012,3,2,3.084
16,2012,3,11,8.4403
18,2012,3,41,39.858
19,2012,3,2,2.8337
20,2012,3,39,29.965
21,2012,3,7,14.553
22,2012,3,45,52.273
23,2012,3,9,7.418
24,2012,3,23,13.625
25,2012,3,40,29.011
26,2012,3,2,2.0394
27,2012,3,3,4.7088
28,2012,3,9,12.372
29,2012,3,1,1.0895
30,2012,3,42,32.618
32,2012,3,49,55.815
33,2012,3,34,39.79
34,2012,3,1,1.094
35,2012,3,34,40.515
36,2012,3,24,18.509
37,2012,3,2,6.9671
38,2012,3,61,55.647
39,2012,3,0,2.388
40,2012,3,31,23.577
41,2012,3,1,1.0241
42,2012,3,31,32.362
43,2012,3,113,94.26
44,2012,3,5,4.1073
45,2012,3,1,1.3455
46,2012,3,18,25.215
47,2012,3,25,16.821
48,2012,3,6,6.5322
50,2012,3,0,1.4559
1,2012,4,6,3.8771
2,2012,4,35,31.15
3,2012,4,13,12.194
4,2012,4,168,157.72
5,2012,4,12,13.296
6,2012,4,7,10.435
7,2012,4,6,2.9486
10,2012,4,51,48.388
11,2012,4,2,2.7981
12,2012,4,8,3.1614
13,2012,4,44,42.206
14,2012,4,21,23.788
15,2012,4,3,3.8616
16,2012,4,6,8.0147
18,2012,4,41,43.371
19,2012,4,1,2.1373
20,2012,4,37,35.084
21,2012,4,11,11.169
22,2012,4,56,51.996
23,2012,4,12,7.5999
24,2012,4,25,14.819
25,2012,4,33,34.007
26,2012,4,0,1.697
27,2012,4,2,3.8196
28,2012,4,15,12.245
29,2012,4,6,1.3739
30,2012,4,25,34.916
32,2012,4,49,55.791
33,2012,4,53,38.45
34,2012,4,1,1.5015
35,2012,4,40,39.125
36,2012,4,25,19.357
37,2012,4,9,7.1765
38,2012,4,54,55.531
39,2012,4,1,1.8764
40,2012,4,35,29.903
41,2012,4,2,1.5633
42,2012,4,39,32.211
43,2012,4,97,106.23
44,2012,4,2,4.3207
45,2012,4,1,1.0826
46,2012,4,40,26.205
47,2012,4,18,18.707
48,2012,4,6,6.7882
50,2012,4,1,1.6454
1,2012,5,2,3.4272
2,2012,5,31,31.384
3,2012,5,22,13.942
4,2012,5,162,173.36
5,2012,5,17,12.071
6,2012,5,14,8.9985
7,2012,5,4,3.5568
10,2012,5,33,47.518
11,2012,5,1,4.0205
12,2012,5,1,6.1749
13,2012,5,53,42.142
14,2012,5,31,23.49
15,2012,5,8,3.8227
16,2012,5,7,8.4268
18,2012,5,46,39.682
19,2012,5,2,1.9338
20,2012,5,36,34.697
21,2012,5,15,12.464
22,2012,5,63,51.403
23,2012,5,7,9.0816
24,2012,5,17,20.159
25,2012,5,36,33.964
26,2012,5,0,1.7903
27,2012,5,5,3.2748
28,2012,5,6,12.9
29,2012,5,0,1.9412
30,2012,5,31,32.116
32,2012,5,53,59.189
33,2012,5,42,46.403
34,2012,5,0,0.80726
35,2012,5,49,36.624
36,2012,5,12,21.436
37,2012,5,13,6.4002
38,2012,5,76,56.458
39,2012,5,4,2.2499
40,2012,5,36,31.915
41,2012,5,1,1.9913
42,2012,5,36,34.849
43,2012,5,111,107.81
44,2012,5,5,3.8545
45,2012,5,0,1.1651
46,2012,5,18,30.711
47,2012,5,29,18.081
48,2012,5,10,6.9327
50,2012,5,1,1.1836
1,2012,6,5,3.4903
2,2012,6,33,32.631
3,2012,6,8,12.878
4,2012,6,182,160.31
5,2012,6,22,13.027
6,2012,6,13,10.771
7,2012,6,8,3.8124
10,2012,6,44,49.293
11,2012,6,0,2.2325
12,2012,6,0,3.2137
13,2012,6,45,47.652
14,2012,6,32,25.115
15,2012,6,4,4.0008
16,2012,6,1,8.6847
18,2012,6,50,42.068
19,2012,6,1,3.7593
20,2012,6,32,34.548
21,2012,6,6,12.283
22,2012,6,54,59.162
23,2012,6,9,8.2893
24,2012,6,9,17.956
25,2012,6,36,35.295
26,2012,6,0,1.6157
27,2012,6,3,3.6222
28,2012,6,8,11.919
29,2012,6,0,2.041
30,2012,6,27,30.759
32,2012,6,68,56.701
33,2012,6,46,45.05
34,2012,6,0,0.97596
35,2012,6,43,40.927
36,2012,6,18,18.555
37,2012,6,7,8.5725
38,2012,6,73,63.256
39,2012,6,6,2.754
40,2012,6,25,31.225
41,2012,6,1,1.4124
42,2012,6,36,35.014
43,2012,6,103,102.77
44,2012,6,2,5.0164
45,2012,6,1,1.395
46,2012,6,20,24.63
47,2012,6,20,19.557
48,2012,6,6,8.1894
50,2012,6,0,1.6761
1,2012,7,4,3.6695
2,2012,7,37,33.471
3,2012,7,19,12.724
4,2012,7,172,170.53
5,2012,7,24,17.993
6,2012,7,16,11.92
7,2012,7,9,3.7007
10,2012,7,48,47.517
11,2012,7,3,1.1379
12,2012,7,2,2.5311
13,2012,7,53,48.506
14,2012,7,27,26.669
15,2012,7,1,3.5346
16,2012,7,8,6.6307
18,2012,7,54,41.677
19,2012,7,5,2.9071
20,2012,7,39,36.31
21,2012,7,14,14.232
22,2012,7,74,55.086
23,2012,7,11,8.9588
24,2012,7,15,17.324
25,2012,7,37,34.951
26,2012,7,0,1.1953
27,2012,7,8,3.2874
28,2012,7,11,12.416
29,2012,7,3,2.125
30,2012,7,47,35.647
32,2012,7,75,66.202
33,2012,7,52,46.16
34,2012,7,2,1.1696
35,2012,7,52,41.195
36,2012,7,19,20.59
37,2012,7,13,7.6255
38,2012,7,76,67.258
39,2012,7,6,2.6671
40,2012,7,25,29.394
41,2012,7,1,1.2423
42,2012,7,38,36.999
43,2012,7,122,103.62
44,2012,7,4,4.4571
45,2012,7,2,0.98266
46,2012,7,42,26.189
47,2012,7,10,20.148
48,2012,7,6,6.3044
50,2012,7,1,2.3195
1,2012,8,2,4.8501
2,2012,8,25,35.74
3,2012,8,18,15.282
4,2012,8,186,167.99
5,2012,8,15,16.604
6,2012,8,9,11.57
7,2012,8,7,5.4537
10,2012,8,54,48.733
11,2012,8,0,1.5677
12,2012,8,2,2.9809
13,2012,8,58,48.272
14,2012,8,28,26.236
15,2012,8,6,3.8361
16,2012,8,9,8.0534
18,2012,8,49,47.536
19,2012,8,3,2.1034
20,2012,8,45,39.715
21,2012,8,12,14.286
22,2012,8,69,59.766
23,2012,8,13,9.818
24,2012,8,14,16.324
25,2012,8,41,38.705
26,2012,8,1,0.87041
27,2012,8,6,4.9313
28,2012,8,19,12.064
29,2012,8,0,1.8758
30,2012,8,33,36.355
32,2012,8,74,68.382
33,2012,8,36,48.841
34,2012,8,2,1.0351
35,2012,8,36,45.743
36,2012,8,13,18.832
37,2012,8,13,8.7019
38,2012,8,63,66.381
39,2012,8,4,3.4079
40,2012,8,39,26.984
41,2012,8,1,2.4177
42,2012,8,41,36.176
43,2012,8,111,110.6
44,2012,8,6,4.8188
45,2012,8,0,1.6366
46,2012,8,32,30.887
47,2012,8,12,17.057
48,2012,8,3,6.7947
50,2012,8,1,1.6484
1,2012,9,5,2.7856
2,2012,9,25,31.175
3,2012,9,14,16.95
4,2012,9,183,168.51
5,2012,9,7,16.624
6,2012,9,16,10.578
7,2012,9,5,6.5407
10,2012,9,47,49.467
11,2012,9,2,1.7861
12,2012,9,2,2.5884
13,2012,9,44,48.27
14,2012,9,26,27.755
15,2012,9,5,4.4782
16,2012,9,15,9.3155
18,2012,9,45,46.343
19,2012,9,1,2.4941
20,2012,9,39,38.915
21,2012,9,8,13.411
22,2012,9,77,61.292
23,2012,9,13,10.078
24,2012,9,18,15.455
25,2012,9,36,36.719
26,2012,9,2,0.5766
27,2012,9,6,6.2394
28,2012,9,9,14.158
29,2012,9,0,1.4776
30,2012,9,35,33.006
32,2012,9,66,66.846
33,2012,9,40,42.793
34,2012,9,1,1.1827
35,2012,9,33,43.952
36,2012,9,27,17.534
37,2012,9,8,9.4589
38,2012,9,57,64.969
39,2012,9,1,3.093
40,2012,9,30,31.333
41,2012,9,1,1.6243
42,2012,9,44,38.016
43,2012,9,108,108.14
44,2012,9,5,4.4081
45,2012,9,0,0.89673
46,2012,9,39,29.034
47,2012,9,10,16.948
48,2012,9,4,7.1017
50,2012,9,5,0.6943
1,2012,10,3,4.7396
2,2012,10,32,31.868
3,2012,10,15,14.665
4,2012,10,196,178.6
5,2012,10,19,14.761
6,2012,10,9,12.641
7,2012,10,5,6.4251
10,2012,10,61,46.586
11,2012,10,1,1.2963
12,2012,10,1,2.1921
13,2012,10,42,48.294
14,2012,10,18,27.877
15,2012,10,3,4.0437
16,2012,10,5,7.7334
18,2012,10,35,43.801
19,2012,10,5,2.3077
20,2012,10,27,38.277
21,2012,10,14,12.424
22,2012,10,54,65.662
23,2012,10,12,10.033
24,2012,10,8,15.097
25,2012,10,35,33.061
26,2012,10,3,1.6622
27,2012,10,4,5.1434
28,2012,10,5,11.074
29,2012,10,2,0.83003
30,2012,10,34,32.078
32,2012,10,58,67.28
33,2012,10,45,39.776
34,2012,10,1,0.98997
35,2012,10,38,43.129
36,2012,10,26,18.853
37,2012,10,10,9.144
38,2012,10,61,64.627
39,2012,10,4,3.7859
40,2012,10,24,29.511
41,2012,10,0,1.135
42,2012,10,43,39.268
43,2012,10,101,107.89
44,2012,10,6,4.7997
45,2012,10,1,0.874
46,2012,10,25,29.526
47,2012,10,24,16.044
48,2012,10,4,4.8931
50,2012,10,1,1.4699
1,2012,11,1,4.6674
2,2012,11,26,31.659
3,2012,11,14,14.859
4,2012,11,168,171.62
5,2012,11,9,14.446
6,2012,11,4,11.992
7,2012,11,7,5.6273
10,2012,11,50,50.085
11,2012,11,2,1.4258
12,2012,11,1,1.6119
13,2012,11,41,42.775
14,2012,11,35,22.864
15,2012,11,3,3.5682
16,2012,11,6,7.1805
18,2012,11,25,42.21
19,2012,11,6,4.1714
20,2012,11,29,34.318
21,2012,11,6,14.663
22,2012,11,60,58.385
23,2012,11,9,9.7293
24,2012,11,9,12.61
25,2012,11,29,37.491
26,2012,11,3,1.5186
27,2012,11,3,5.0678
28,2012,11,20,12.656
29,2012,11,0,1.6808
30,2012,11,36,35.07
32,2012,11,42,63.32
33,2012,11,36,45.842
34,2012,11,4,1.0331
35,2012,11,52,38.596
36,2012,11,16,20.398
37,2012,11,2,9.6819
38,2012,11,49,61.15
39,2012,11,1,3.7366
40,2012,11,28,26.322
41,2012,11,4,1.1433
42,2012,11,37,36.696
43,2012,11,115,102.98
44,2012,11,4,4.4347
45,2012,11,0,1.717
46,2012,11,28,29.101
47,2012,11,12,15.374
48,2012,11,7,4.6587
50,2012,11,2,2.058
1,2012,12,1,3.9082
2,2012,12,30,28.726
3,2012,12,19,15.292
4,2012,12,160,171.66
5,2012,12,11,13.609
6,2012,12,34,9.7294
7,2012,12,1,6.5005
10,2012,12,50,48.454
11,2012,12,4,2.9356
12,2012,12,1,2.08
13,2012,12,25,42.021
14,2012,12,26,28.144
15,2012,12,9,3.4647
16,2012,12,14,8.9712
18,2012,12,47,37.447
19,2012,12,4,3.0345
20,2012,12,38,33.04
21,2012,12,12,11.817
22,2012,12,72,58.312
23,2012,12,6,8.4794
24,2012,12,16,12.395
25,2012,12,46,34.037
26,2012,12,6,2.3355
27,2012,12,9,4.8775
28,2012,12,16,13.365
29,2012,12,1,0.81743
30,2012,12,36,35.706
32,2012,12,55,60.406
33,2012,12,38,40.315
34,2012,12,0,1.7514
35,2012,12,25,42.666
36,2012,12,22,18.959
37,2012,12,7,9.0616
38,2012,12,79,57.945
39,2012,12,3,2.3932
40,2012,12,27,30.158
41,2012,12,2,1.4502
42,2012,12,31,36.532
43,2012,12,100,109.22
44,2012,12,12,5.0415
45,2012,12,1,0.7577
46,2012,12,31,31.483
47,2012,12,18,14.262
48,2012,12,3,5.8218
50,2012,12,1,1.3977
1,2013,1,3,2.5109
2,2013,1,33,31.144
3,2013,1,21,16.398
4,2013,1,155,166.05
5,2013,1,27,12.112
6,2013,1,4,13.374
7,2013,1,3,4.6581
10,2013,1,57,50.205
11,2013,1,4,2.6751
12,2013,1,6,1.8886
13,2013,1,42,37.526
14,2013,1,30,26.921
15,2013,1,2,6.0882
16,2013,1,9,9.4241
18,2013,1,48,44.526
19,2013,1,1,2.789
20,2013,1,34,33.668
21,2013,1,12,10.49
22,2013,1,67,64.949
23,2013,1,8,8.2402
24,2013,1,12,13.412
25,2013,1,42,33.532
26,2013,1,1,3.6774
27,2013,1,3,6.2646
28,2013,1,18,11.391
29,2013,1,1,1.0524
30,2013,1,29,33.124
32,2013,1,49,53.64
33,2013,1,44,40.586
34,2013,1,0,1.7231
35,2013,1,36,37.291
36,2013,1,22,20.195
37,2013,1,5,7.7901
38,2013,1,58,65.903
39,2013,1,1,2.9601
40,2013,1,20,27.932
41,2013,1,3,1.8678
42,2013,1,30,35.768
43,2013,1,100,100.47
44,2013,1,2,5.5026
45,2013,1,1,1.0701
46,2013,1,29,29.183
47,2013,1,11,15.452
48,2013,1,7,5.3783
50,2013,1,0,1.6748
1,2013,2,4,3.33
2,2013,2,27,29.12
3,2013,2,5,13.349
4,2013,2,139,154.36
5,2013,2,15,15.441
6,2013,2,4,10.509
7,2013,2,6,3.5148
10,2013,2,35,47.72
11,2013,2,3,2.6785
12,2013,2,4,3.1433
13,2013,2,14,34.533
14,2013,2,24,23.313
15,2013,2,1,4.0553
16,2013,2,8,7.6515
18,2013,2,34,36.771
19,2013,2,0,3.4242
20,2013,2,39,29.565
21,2013,2,5,11.8
22,2013,2,39,54.113
23,2013,2,11,8.852
24,2013,2,6,12.692
25,2013,2,33,34.901
26,2013,2,1,2.5475
27,2013,2,5,4.6422
28,2013,2,19,12.367
29,2013,2,0,0.96009
30,2013,2,27,30.867
32,2013,2,41,50.116
33,2013,2,33,37.871
34,2013,2,2,1.0982
35,2013,2,31,33.037
36,2013,2,12,19.498
37,2013,2,6,6.5927
38,2013,2,53,56.381
39,2013,2,1,1.9435
40,2013,2,37,22.585
41,2013,2,1,1.7026
42,2013,2,21,34.01
43,2013,2,83,97.957
44,2013,2,6,4.8409
45,2013,2,0,0.73081
46,2013,2,22,25.904
47,2013,2,9,16.127
48,2013,2,4,6.0828
50,2013,2,0,1.869
1,2013,3,4,2.8455
2,2013,3,40,29.865
3,2013,3,11,12.556
4,2013,3,160,155.72
5,2013,3,16,15.698
6,2013,3,5,9.469
7,2013,3,3,3.3724
10,2013,3,40,48.841
11,2013,3,4,2.2076
12,2013,3,3,2.9235
13,2013,3,21,33.869
14,2013,3,36,24.168
15,2013,3,2,3.6965
16,2013,3,8,9.2237
18,2013,3,51,38.889
19,2013,3,3,2.7819
20,2013,3,30,35.732
21,2013,3,10,9.1947
22,2013,3,58,51.152
23,2013,3,16,9.3723
24,2013,3,16,13.353
25,2013,3,18,36.263
26,2013,3,1,3.0605
27,2013,3,2,4.349
28,2013,3,11,13.865
29,2013,3,1,0.78617
30,2013,3,23,33.452
32,2013,3,53,48.257
33,2013,3,23,37.72
34,2013,3,2,1.5996
35,2013,3,29,35.424
36,2013,3,17,20.111
37,2013,3,8,5.3666
38,2013,3,49,57.433
39,2013,3,5,1.9254
40,2013,3,24,28.157
41,2013,3,2,1.9625
42,2013,3,31,31.017
43,2013,3,96,98.405
44,2013,3,3,5.803
45,2013,3,0,0.69768
46,2013,3,27,24.577
47,2013,3,32,16.422
48,2013,3,5,5.4171
50,2013,3,4,0.78258
1,2013,4,3,3.6452
2,2013,4,30,33.717
3,2013,4,15,13.954
4,2013,4,154,158.98
5,2013,4,16,14.643
6,2013,4,8,9.8776
7,2013,4,2,4.4575
10,2013,4,46,45.639
11,2013,4,3,2.9305
12,2013,4,3,4.0589
13,2013,4,24,32.292
14,2013,4,17,27.127
15,2013,4,4,3.9183
16,2013,4,16,8.4282
18,2013,4,39,43.356
19,2013,4,2,2.6487
20,2013,4,32,35.163
21,2013,4,10,10.17
22,2013,4,54,56.586
23,2013,4,6,10.56
24,2013,4,10,14.695
25,2013,4,31,31.855
26,2013,4,0,1.7804
27,2013,4,4,3.4067
28,2013,4,13,15.373
29,2013,4,2,2.0624
30,2013,4,27,28.961
32,2013,4,41,50.508
33,2013,4,38,38.326
34,2013,4,1,1.7701
35,2013,4,50,35.321
36,2013,4,18,19.771
37,2013,4,4,6.982
38,2013,4,62,54.218
39,2013,4,3,2.0919
40,2013,4,22,29.896
41,2013,4,0,2.2419
42,2013,4,36,32.379
43,2013,4,101,98.182
44,2013,4,5,4.6696
45,2013,4,0,0.94308
46,2013,4,27,31.126
47,2013,4,16,18.771
48,2013,4,5,5.0181
50,2013,4,0,1.5965
1,2013,5,7,2.6443
2,2013,5,26,31.361
3,2013,5,19,15.604
4,2013,5,169,155.8
5,2013,5,12,16.123
6,2013,5,9,10.132
7,2013,5,2,3.3213
10,2013,5,44,43.381
11,2013,5,6,3.3517
12,2013,5,0,3.5418
13,2013,5,48,32.729
14,2013,5,29,25.95
15,2013,5,2,5.1184
16,2013,5,4,10.652
18,2013,5,29,42.72
19,2013,5,3,2.1187
20,2013,5,37,35.605
21,2013,5,17,11.188
22,2013,5,45,57.072
23,2013,5,4,7.8995
24,2013,5,9,14.771
25,2013,5,27,34.003
26,2013,5,2,1.3278
27,2013,5,8,3.992
28,2013,5,16,12.993
29,2013,5,5,1.2261
30,2013,5,32,30.126
32,2013,5,62,49.991
33,2013,5,46,38.61
34,2013,5,2,0.84475
35,2013,5,40,39.628
36,2013,5,24,17.17
37,2013,5,5,7.3118
38,2013,5,47,62.42
39,2013,5,3,2.9782
40,2013,5,30,28.789
41,2013,5,0,1.9836
42,2013,5,34,32.77
43,2013,5,109,101.99
44,2013,5,2,5.0376
45,2013,5,0,0.42903
46,2013,5,36,24.698
47,2013,5,17,19.784
48,2013,5,5,6.5347
50,2013,5,3,1.1605
1,2013,6,4,4.1016
2,2013,6,30,31.372
3,2013,6,16,12.018
4,2013,6,206,167.93
5,2013,6,10,16.698
6,2013,6,9,8.8905
7,2013,6,2,4.631
10,2013,6,56,45.664
11,2013,6,1,3.0303
12,2013,6,1,2.1547
13,2013,6,48,38.009
14,2013,6,26,27.949
15,2013,6,9,2.8755
16,2013,6,7,6.9584
18,2013,6,34,40.689
19,2013,6,4,2.614
20,2013,6,42,35.057
21,2013,6,18,11.595
22,2013,6,55,51.977
23,2013,6,19,8.8631
24,2013,6,9,11.379
25,2013,6,46,32.611
26,2013,6,0,1.2147
27,2013,6,7,4.3672
28,2013,6,14,14.614
29,2013,6,4,1.7383
30,2013,6,38,27.468
32,2013,6,61,57.422
33,2013,6,40,42.558
34,2013,6,0,1.1768
35,2013,6,31,39.225
36,2013,6,24,18.755
37,2013,6,12,6.4138
38,2013,6,47,57.418
39,2013,6,2,3.7279
40,2013,6,21,26.801
41,2013,6,0,1.2102
42,2013,6,29,33.436
43,2013,6,117,101.93
44,2013,6,4,3.6569
45,2013,6,3,0.89467
46,2013,6,29,27.328
47,2013,6,19,17.095
48,2013,6,6,5.838
50,2013,6,0,1.399
1,2013,7,0,3.8747
2,2013,7,30,32.925
3,2013,7,9,15.201
4,2013,7,188,179.75
5,2013,7,12,16.055
6,2013,7,8,10.795
7,2013,7,3,4.571
10,2013,7,59,48.372
11,2013,7,0,3.2459
12,2013,7,4,2.2672
13,2013,7,59,43.179
14,2013,7,41,26.984
15,2013,7,3,4.0159
16,2013,7,13,8.8389
18,2013,7,41,39.925
19,2013,7,2,3.5794
20,2013,7,35,37.232
21,2013,7,12,14.777
22,2013,7,84,56.946
23,2013,7,10,11.179
24,2013,7,18,12.381
25,2013,7,41,33.999
26,2013,7,2,1.0328
27,2013,7,8,5.3984
28,2013,7,15,14.314
29,2013,7,2,2.8576
30,2013,7,51,36.507
32,2013,7,58,60.172
33,2013,7,44,42.808
34,2013,7,1,1.5822
35,2013,7,51,40.149
36,2013,7,21,20.13
37,2013,7,3,8.195
38,2013,7,62,57.705
39,2013,7,9,3.4564
40,2013,7,25,26.307
41,2013,7,0,1.1302
42,2013,7,35,33.28
43,2013,7,125,111.22
44,2013,7,4,4.5358
45,2013,7,3,1.4386
46,2013,7,22,32.315
47,2013,7,17,16.737
48,2013,7,10,5.8313
50,2013,7,2,2.2999
1,2013,8,1,2.9604
2,2013,8,26,29.776
3,2013,8,14,15.794
4,2013,8,172,185.47
5,2013,8,20,13.569
6,2013,8,10,8.2865
7,2013,8,4,3.8832
10,2013,8,38,51.774
11,2013,8,1,1.9332
12,2013,8,3,2.4445
13,2013,8,54,47.766
14,2013,8,23,30.302
15,2013,8,5,5.0315
16,2013,8,2,9.3651
18,2013,8,41,40.779
19,2013,8,3,2.8517
20,2013,8,26,37.622
21,2013,8,10,13.439
22,2013,8,64,64.166
23,2013,8,17,11.54
24,2013,8,18,13.902
25,2013,8,32,38.196
26,2013,8,2,1.3198
27,2013,8,9,6.2915
28,2013,8,11,14.99
29,2013,8,2,1.9389
30,2013,8,44,36.24
32,2013,8,70,62.791
33,2013,8,31,40.19
34,2013,8,0,1.3979
35,2013,8,36,41.973
36,2013,8,15,18.881
37,2013,8,5,7.6908
38,2013,8,59,57.666
39,2013,8,3,4.8145
40,2013,8,28,27.805
41,2013,8,1,0.89106
42,2013,8,37,35.856
43,2013,8,113,113.24
44,2013,8,5,4.4532
45,2013,8,1,1.7762
46,2013,8,40,28.796
47,2013,8,13,16.178
48,2013,8,4,7.0952
50,2013,8,0,1.9342
1,2013,9,3,3.1688
2,2013,9,34,27.334
3,2013,9,6,15.055
4,2013,9,146,176.84
5,2013,9,16,12.899
6,2013,9,8,10.848
7,2013,9,7,3.8675
10,2013,9,38,46.713
11,2013,9,0,2.191
12,2013,9,1,2.4406
13,2013,9,43,47.949
14,2013,9,24,27.267
15,2013,9,2,4.8114
16,2013,9,19,11.024
18,2013,9,46,38.382
19,2013,9,3,2.4034
20,2013,9,37,34.445
21,2013,9,10,11.605
22,2013,9,49,66.641
23,2013,9,15,11.815
24,2013,9,11,15.18
25,2013,9,36,36.199
26,2013,9,0,1.5174
27,2013,9,1,7.1538
28,2013,9,16,12.995
29,2013,9,0,2.3266
30,2013,9,36,37.372
32,2013,9,45,62.994
33,2013,9,32,39.299
34,2013,9,0,0.97378
35,2013,9,31,39.453
36,2013,9,17,21.202
37,2013,9,8,6.7813
38,2013,9,55,56.475
39,2013,9,0,3.0109
40,2013,9,24,27.327
41,2013,9,0,1.1956
42,2013,9,28,35.909
43,2013,9,121,111.3
44,2013,9,7,4.1599
45,2013,9,2,1.3053
46,2013,9,27,32.695
47,2013,9,19,15.818
48,2013,9,6,5.9585
50,2013,9,1,1.8064
1,2013,10,7,3.3586
2,2013,10,48,30.223
3,2013,10,13,13.325
4,2013,10,135,171.7
5,2013,10,10,14.692
6,2013,10,8,9.6218
7,2013,10,3,4.6372
10,2013,10,50,48.282
11,2013,10,0,1.5938
12,2013,10,1,1.6975
13,2013,10,37,47.316
14,2013,10,30,26.019
15,2013,10,3,4.1144
16,2013,10,7,8.7343
18,2013,10,41,38.184
19,2013,10,3,3.4249
20,2013,10,31,34.083
21,2013,10,9,13.018
22,2013,10,47,55.713
23,2013,10,11,12.572
24,2013,10,15,12.59
25,2013,10,35,34.784
26,2013,10,2,2.3513
27,2013,10,5,5.286
28,2013,10,13,12.684
29,2013,10,2,2.7352
30,2013,10,38,36.147
32,2013,10,68,57.014
33,2013,10,47,38.7
34,2013,10,0,0.6844
35,2013,10,43,37.942
36,2013,10,12,21.033
37,2013,10,7,7.0883
38,2013,10,48,57.113
39,2013,10,1,3.4159
40,2013,10,28,25.428
41,2013,10,3,0.51748
42,2013,10,25,34.585
43,2013,10,102,111.94
44,2013,10,6,4.7697
45,2013,10,0,1.7616
46,2013,10,27,27.587
47,2013,10,16,18.33
48,2013,10,4,5.6097
50,2013,10,5,1.0464
1,2013,11,1,3.4064
2,2013,11,28,33.035
3,2013,11,13,11.719
4,2013,11,160,154.7
5,2013,11,18,12.342
6,2013,11,4,8.3668
7,2013,11,4,4.4724
10,2013,11,51,48.091
11,2013,11,2,1.0479
12,2013,11,3,1.9661
13,2013,11,26,43.487
14,2013,11,26,29.45
15,2013,11,7,3.897
16,2013,11,15,8.6147
18,2013,11,40,35.961
19,2013,11,4,4.2469
20,2013,11,37,34.106
21,2013,11,13,10.614
22,2013,11,46,56.275
23,2013,11,5,11.688
24,2013,11,12,13.708
25,2013,11,22,35.213
26,2013,11,3,1.8878
27,2013,11,6,4.6735
28,2013,11,6,15.139
29,2013,11,2,1.4954
30,2013,11,35,38.646
32,2013,11,50,56.876
33,2013,11,48,40.983
34,2013,11,3,1.1237
35,2013,11,43,41.497
36,2013,11,21,16.746
37,2013,11,10,6.3957
38,2013,11,64,52.403
39,2013,11,0,2.4773
40,2013,11,28,25.212
41,2013,11,2,1.9982
42,2013,11,27,31.477
43,2013,11,100,110.06
44,2013,11,3,4.7934
45,2013,11,0,1.5868
46,2013,11,22,27.889
47,2013,11,11,15.59
48,2013,11,2,6.1821
50,2013,11,2,2.2665
1,2013,12,4,2.6196
2,2013,12,31,31.015
3,2013,12,14,13.039
4,2013,12,146,157.63
5,2013,12,14,14.454
6,2013,12,16,13.364
7,2013,12,2,4.1508
10,2013,12,53,48.965
11,2013,12,0,2.4392
12,2013,12,1,2.395
13,2013,12,37,35.57
14,2013,12,44,27.211
15,2013,12,2,5.5398
16,2013,12,10,11.898
18,2013,12,34,41.672
19,2013,12,2,2.9674
20,2013,12,26,34.799
21,2013,12,10,11.909
22,2013,12,37,56.4
23,2013,12,5,9.0059
24,2013,12,11,14.743
25,2013,12,42,33.65
26,2013,12,2,2.5801
27,2013,12,6,6.2888
28,2013,12,16,12.649
29,2013,12,2,1.5031
30,2013,12,40,37.596
32,2013,12,53,56.767
33,2013,12,51,41.083
34,2013,12,0,0.78347
35,2013,12,53,37.054
36,2013,12,13,18.368
37,2013,12,12,7.7983
38,2013,12,63,63.498
39,2013,12,3,2.2126
40,2013,12,31,27.293
41,2013,12,1,1.7444
42,2013,12,30,30.687
43,2013,12,105,104.44
44,2013,12,4,6.0307
45,2013,12,1,1.131
46,2013,12,28,28.522
47,2013,12,14,15.643
48,2013,12,0,4.8542
50,2013,12,0,1.6389
1,2014,1,4,3.3774
2,2014,1,22,32.498
3,2014,1,12,15.497
4,2014,1,138,150.46
5,2014,1,23,17.056
6,2014,1,9,8.3852
7,2014,1,4,3.8518
10,2014,1,40,50.416
11,2014,1,4,2.04
12,2014,1,1,2.8033
13,2014,1,25,38.064
14,2014,1,29,29.825
15,2014,1,5,3.3251
16,2014,1,6,10.32
18,2014,1,33,42.115
19,2014,1,0,2.2736
20,2014,1,42,31.149
21,2014,1,18,10.776
22,2014,1,34,51.716
23,2014,1,11,8.7836
24,2014,1,14,12.575
25,2014,1,34,34.88
26,2014,1,4,2.2931
27,2014,1,3,4.763
28,2014,1,10,14.276
29,2014,1,0,1.6013
30,2014,1,22,34.78
32,2014,1,56,52.575
33,2014,1,30,44.611
34,2014,1,3,0.58091
35,2014,1,36,42.349
36,2014,1,21,17.961
37,2014,1,6,8.0187
38,2014,1,59,59.052
39,2014,1,2,1.9073
40,2014,1,27,26.279
41,2014,1,0,2.2022
42,2014,1,31,30.129
43,2014,1,106,104.02
44,2014,1,11,4.3915
45,2014,1,0,1.236
46,2014,1,27,27.927
47,2014,1,15,13.8
48,2014,1,8,4.3738
50,2014,1,1,1.2221
1,2014,2,4,4.4098
2,2014,2,23,29.047
3,2014,2,9,9.5927
4,2014,2,126,140.62
5,2014,2,16,16.002
6,2014,2,3,7.9549
7,2014,2,4,3.9561
10,2014,2,30,42.017
11,2014,2,2,2.0654
12,2014,2,2,2.5928
13,2014,2,23,27.321
14,2014,2,23,27.074
15,2014,2,3,3.5507
16,2014,2,7,8.8534
18,2014,2,36,35.849
19,2014,2,1,1.8887
20,2014,2,15,34.55
21,2014,2,7,10.615
22,2014,2,37,39.511
23,2014,2,10,9.8304
24,2014,2,13,10.76
25,2014,2,27,32.46
26,2014,2,2,2.0813
27,2014,2,2,3.9086
28,2014,2,9,13.678
29,2014,2,2,0.88497
30,2014,2,25,29.736
32,2014,2,33,51.753
33,2014,2,48,37.161
34,2014,2,2,1.6226
35,2014,2,22,37.146
36,2014,2,13,16.531
37,2014,2,4,7.4832
38,2014,2,39,55.88
39,2014,2,2,1.6519
40,2014,2,20,28.653
41,2014,2,2,1.497
42,2014,2,34,27.774
43,2014,2,95,97.479
44,2014,2,2,5.9815
45,2014,2,4,0.51562
46,2014,2,32,24.506
47,2014,2,18,15.148
48,2014,2,5,4.7679
50,2014,2,1,1.5975
1,2014,3,7,3.8895
2,2014,3,21,30.706
3,2014,3,7,11.213
4,2014,3,154,141.71
5,2014,3,16,15.754
6,2014,3,6,6.7786
7,2014,3,1,3.1136
10,2014,3,54,41.805
11,2014,3,1,2.5025
12,2014,3,3,2.0472
13,2014,3,25,28.199
14,2014,3,24,29.596
15,2014,3,0,3.2971
16,2014,3,9,8.8666
18,2014,3,39,39.648
19,2014,3,1,2.1323
20,2014,3,24,29.354
21,2014,3,8,11.228
22,2014,3,35,43.905
23,2014,3,13,9.9886
24,2014,3,12,15.009
25,2014,3,40,29.627
26,2014,3,4,2.3498
27,2014,3,4,3.8646
28,2014,3,18,10.512
29,2014,3,3,1.497
30,2014,3,29,28.862
32,2014,3,41,48.245
33,2014,3,41,38.098
34,2014,3,2,1.8515
35,2014,3,38,34.13
36,2014,3,14,16.915
37,2014,3,12,7.4529
38,2014,3,40,51.721
39,2014,3,3,2.6258
40,2014,3,29,25.715
41,2014,3,2,1.7165
42,2014,3,43,31.531
43,2014,3,94,98.923
44,2014,3,3,4.3354
45,2014,3,0,1.11
46,2014,3,21,27.368
47,2014,3,14,20.124
48,2014,3,9,4.3786
50,2014,3,0,2.1484
1,2014,4,3,4.2778
2,2014,4,33,27.23
3,2014,4,16,11.706
4,2014,4,173,149.27
5,2014,4,7,15.93
6,2014,4,6,7.8179
7,2014,4,4,3.0423
10,2014,4,57,47.003
11,2014,4,1,2.4036
12,2014,4,2,3.1034
13,2014,4,38,28.602
14,2014,4,31,24.78
15,2014,4,5,3.1842
16,2014,4,0,9.8892
18,2014,4,41,37.936
19,2014,4,1,2.0936
20,2014,4,17,29.617
21,2014,4,12,11.66
22,2014,4,52,42.771
23,2014,4,7,9.0502
24,2014,4,12,14.009
25,2014,4,26,33.329
26,2014,4,3,2.2735
27,2014,4,7,3.8972
28,2014,4,24,13.134
29,2014,4,0,2.3842
30,2014,4,30,28.313
32,2014,4,39,45.367
33,2014,4,35,42.623
34,2014,4,0,1.5967
35,2014,4,41,40.276
36,2014,4,14,17.322
37,2014,4,4,7.6197
38,2014,4,44,53.21
39,2014,4,0,2.3972
40,2014,4,32,26.925
41,2014,4,1,1.468
42,2014,4,40,35.731
43,2014,4,106,98.477
44,2014,4,9,4.0579
45,2014,4,2,1.0304
46,2014,4,28,28.557
47,2014,4,18,15.566
48,2014,4,6,5.7964
50,2014,4,0,0.6999
1,2014,5,5,4.8173
2,2014,5,21,27.173
3,2014,5,33,14.662
4,2014,5,191,160.53
5,2014,5,15,14.193
6,2014,5,10,8.5771
7,2014,5,7,3.4822
10,2014,5,62,46.313
11,2014,5,1,2.6283
12,2014,5,3,1.5241
13,2014,5,47,37.695
14,2014,5,24,29.713
15,2014,5,5,3.6795
16,2014,5,5,5.85
18,2014,5,50,37.284
19,2014,5,3,1.6488
20,2014,5,32,27.611
21,2014,5,10,12.96
22,2014,5,55,45.397
23,2014,5,6,7.7635
24,2014,5,23,11.856
25,2014,5,35,31.074
26,2014,5,1,3.0563
27,2014,5,3,5.1952
28,2014,5,15,15.641
29,2014,5,4,2.0842
30,2014,5,29,30.004
32,2014,5,51,47.317
33,2014,5,34,41.029
34,2014,5,0,1.5192
35,2014,5,47,39.945
36,2014,5,10,17.311
37,2014,5,7,7.2855
38,2014,5,48,49.586
39,2014,5,3,2.4506
40,2014,5,27,29.337
41,2014,5,1,1.0203
42,2014,5,32,36.038
43,2014,5,103,104.28
44,2014,5,8,5.0661
45,2014,5,1,1.0489
46,2014,5,32,28.515
47,2014,5,15,17.11
48,2014,5,7,6.3836
50,2014,5,0,1.3206
1,2014,6,2,4.6907
2,2014,6,32,26.519
3,2014,6,15,16.281
4,2014,6,136,190.2
5,2014,6,13,14.957
6,2014,6,7,8.9591
7,2014,6,5,4.7089
10,2014,6,50,52.511
11,2014,6,0,1.464
12,2014,6,1,2.2796
13,2014,6,38,39.446
14,2014,6,24,26.857
15,2014,6,9,5.077
16,2014,6,21,6.6349
18,2014,6,31,41.98
19,2014,6,0,2.0571
20,2014,6,28,31.092
21,2014,6,12,12.113
22,2014,6,53,48.785
23,2014,6,9,10.954
24,2014,6,16,13.796
25,2014,6,25,35.88
26,2014,6,1,1.8798
27,2014,6,5,4.5086
28,2014,6,14,14.45
29,2014,6,0,2.2023
30,2014,6,35,30.378
32,2014,6,59,51.558
33,2014,6,31,38.553
34,2014,6,2,0.95262
35,2014,6,40,38.166
36,2014,6,20,16.717
37,2014,6,7,7.3736
38,2014,6,57,49.139
39,2014,6,2,2.5697
40,2014,6,30,25.306
41,2014,6,1,1.0409
42,2014,6,32,33.824
43,2014,6,119,105.83
44,2014,6,4,5.3625
45,2014,6,0,1.8597
46,2014,6,35,29.223
47,2014,6,20,16.956
48,2014,6,5,6.7451
50,2014,6,2,0.39656
1,2014,7,1,3.2707
2,2014,7,28,29.583
3,2014,7,17,15.172
4,2014,7,160,160.16
5,2014,7,16,14.249
6,2014,7,9,7.8497
7,2014,7,4,4.7869
10,2014,7,43,53.17
11,2014,7,1,1.2683
12,2014,7,5,2.5883
13,2014,7,45,43.379
14,2014,7,31,28.073
15,2014,7,5,4.5151
16,2014,7,7,10.439
18,2014,7,44,40.852
19,2014,7,6,1.8982
20,2014,7,27,28.616
21,2014,7,8,11.394
22,2014,7,61,60.314
23,2014,7,8,10.06
24,2014,7,13,15.62
25,2014,7,33,33.08
26,2014,7,5,2.15
27,2014,7,6,5.7148
28,2014,7,21,15.219
29,2014,7,0,1.8439
30,2014,7,30,36.224
32,2014,7,55,53.481
33,2014,7,48,39.41
34,2014,7,0,1.5462
35,2014,7,43,43.086
36,2014,7,15,16.9
37,2014,7,8,7.8986
38,2014,7,54,53.994
39,2014,7,2,4.2747
40,2014,7,23,27.011
41,2014,7,1,1.2267
42,2014,7,40,36.807
43,2014,7,121,114.33
44,2014,7,15,4.7965
45,2014,7,1,1.7412
46,2014,7,29,29.997
47,2014,7,23,16.767
48,2014,7,5,7.2212
50,2014,7,1,1.2472
1,2014,8,3,2.8257
2,2014,8,25,27.347
3,2014,8,10,16.702
4,2014,8,150,163.63
5,2014,8,18,14.819
6,2014,8,13,8.9759
7,2014,8,9,4.6672
10,2014,8,59,48.633
11,2014,8,0,0.98897
12,2014,8,3,2.8679
13,2014,8,54,45.472
14,2014,8,26,26.395
15,2014,8,12,4.9984
16,2014,8,3,7.2556
18,2014,8,34,41.991
19,2014,8,3,3.1595
20,2014,8,46,28.201
21,2014,8,19,10.765
22,2014,8,50,57.643
23,2014,8,15,10.904
24,2014,8,9,15.586
25,2014,8,35,32.415
26,2014,8,2,2.7057
27,2014,8,5,6.1342
28,2014,8,12,17.184
29,2014,8,0,1.2938
30,2014,8,31,33.668
32,2014,8,60,57.902
33,2014,8,46,37.04
34,2014,8,1,0.92455
35,2014,8,37,39.491
36,2014,8,17,14.811
37,2014,8,11,7.5799
38,2014,8,78,53.665
39,2014,8,2,2.5186
40,2014,8,23,28.021
41,2014,8,2,1.2597
42,2014,8,39,38.013
43,2014,8,118,113.3
44,2014,8,2,7.2303
45,2014,8,1,0.88489
46,2014,8,27,32.46
47,2014,8,21,17.004
48,2014,8,5,5.7781
50,2014,8,1,0.83804
1,2014,9,3,3.3683
2,2014,9,25,28.569
3,2014,9,16,14.265
4,2014,9,154,152.29
5,2014,9,5,13.9
6,2014,9,7,9.8894
7,2014,9,1,6.0965
10,2014,9,60,49.01
11,2014,9,0,0.85152
12,2014,9,1,2.6716
13,2014,9,43,45.473
14,2014,9,32,26.131
15,2014,9,4,6.1364
16,2014,9,10,10.304
18,2014,9,33,40.869
19,2014,9,3,2.5965
20,2014,9,25,35.257
21,2014,9,9,11.837
22,2014,9,65,53.561
23,2014,9,8,10.977
24,2014,9,14,13.598
25,2014,9,38,33.275
26,2014,9,2,1.9794
27,2014,9,6,4.7079
28,2014,9,13,15.582
29,2014,9,1,0.74823
30,2014,9,32,31.795
32,2014,9,59,53.891
33,2014,9,44,38.494
34,2014,9,1,0.67256
35,2014,9,36,37.092
36,2014,9,23,17.449
37,2014,9,2,8.1563
38,2014,9,58,59.652
39,2014,9,3,1.8106
40,2014,9,34,25.962
41,2014,9,4,1.0219
42,2014,9,39,36.317
43,2014,9,94,116.79
44,2014,9,7,6.5777
45,2014,9,0,1.2173
46,2014,9,25,29.832
47,2014,9,11,18.301
48,2014,9,5,5.9713
50,2014,9,3,1.5385
1,2014,10,7,3.4492
2,2014,10,36,31.332
3,2014,10,14,15.847
4,2014,10,162,150.27
5,2014,10,17,12.279
6,2014,10,6,9.2934
7,2014,10,2,4.5116
10,2014,10,47,54.48
11,2014,10,0,0.92163
12,2014,10,4,2.0385
13,2014,10,36,42.127
14,2014,10,39,28.367
15,2014,10,2,5.5249
16,2014,10,7,9.3128
18,2014,10,31,36.779
19,2014,10,3,3.3582
20,2014,10,28,30.395
21,2014,10,11,11.678
22,2014,10,38,53.776
23,2014,10,7,9.6436
24,2014,10,19,13.709
25,2014,10,48,35.804
26,2014,10,2,2.2053
27,2014,10,8,4.9593
28,2014,10,14,13.407
29,2014,10,2,1.7869
30,2014,10,31,33.213
32,2014,10,70,60.09
33,2014,10,46,42.749
34,2014,10,1,1.0693
35,2014,10,37,40.986
36,2014,10,23,17.789
37,2014,10,7,7.1849
38,2014,10,64,56.475
39,2014,10,1,2.4886
40,2014,10,23,28.191
41,2014,10,0,2.0208
42,2014,10,31,35.012
43,2014,10,115,103.76
44,2014,10,3,6.5278
45,2014,10,0,0.91816
46,2014,10,29,28.27
47,2014,10,17,17.024
48,2014,10,6,5.1748
50,2014,10,1,2.2784
1,2014,11,5,3.0534
2,2014,11,20,28.811
3,2014,11,9,14.951
4,2014,11,162,157.35
5,2014,11,11,14.836
6,2014,11,5,6.6916
7,2014,11,7,4.3795
10,2014,11,54,49.938
11,2014,11,2,0.93247
12,2014,11,3,2.7084
13,2014,11,38,38.015
14,2014,11,24,30.244
15,2014,11,4,5.6787
16,2014,11,4,10.459
18,2014,11,29,33.898
19,2014,11,2,3.6709
20,2014,11,19,32.364
21,2014,11,8,11.331
22,2014,11,50,49.237
23,2014,11,6,8.1422
24,2014,11,10,13.845
25,2014,11,48,34.331
26,2014,11,1,2.7522
27,2014,11,3,5.6812
28,2014,11,19,13.795
29,2014,11,3,1.2522
30,2014,11,42,32.29
32,2014,11,47,58.055
33,2014,11,44,43.688
34,2014,11,2,1.899
35,2014,11,45,40.025
36,2014,11,15,20.351
37,2014,11,12,7.8627
38,2014,11,44,61.531
39,2014,11,2,1.6183
40,2014,11,37,26.886
41,2014,11,5,2.1341
42,2014,11,26,33.661
43,2014,11,116,108.98
44,2014,11,3,5.4888
45,2014,11,2,0.3719
46,2014,11,35,26.54
47,2014,11,20,16.157
48,2014,11,5,4.9164
50,2014,11,1,1.8765
1,2014,12,4,3.6835
2,2014,12,27,27.568
3,2014,12,11,13.65
4,2014,12,166,155.12
5,2014,12,8,13.554
6,2014,12,9,11.634
7,2014,12,5,3.7813
10,2014,12,52,52.505
11,2014,12,3,1.0028
12,2014,12,2,2.5387
13,2014,12,44,39.326
14,2014,12,30,32.474
15,2014,12,9,5.2292
16,2014,12,14,7.508
18,2014,12,51,33.499
19,2014,12,6,3.1564
20,2014,12,34,28.996
21,2014,12,10,10.72
22,2014,12,46,48.855
23,2014,12,10,7.7076
24,2014,12,18,12.769
25,2014,12,50,42.116
26,2014,12,3,2.9629
27,2014,12,5,5.9709
28,2014,12,16,15.816
29,2014,12,1,1.6795
30,2014,12,23,35.493
32,2014,12,72,54.989
33,2014,12,46,45.976
34,2014,12,1,0.91284
35,2014,12,33,42.543
36,2014,12,14,17.189
37,2014,12,4,9.2844
38,2014,12,61,57.711
39,2014,12,5,2.9566
40,2014,12,31,28.616
41,2014,12,1,2.5062
42,2014,12,27,32.14
43,2014,12,137,110.05
44,2014,12,5,6.1099
45,2014,12,0,1.2428
46,2014,12,34,29.703
47,2014,12,14,18.37
48,2014,12,8,4.1549
50,2014,12,3,1.1349
