186,0,1,0,0,0,0,0,0,0,0,0,0
1156,1,1,0,0,0,0,0,0,0,0,0,0
483,2,1,0,0,0,0,0,0,0,0,0,0
203,0,2,186,0,0,0,0,0,0,0,0,0
1065,1,2,1156,0,0,0,0,0,0,0,0,0
462,2,2,483,0,0,0,0,0,0,0,0,0
171,0,3,203,186,0,0,0,0,0,0,0,0
1080,1,3,1065,1156,0,0,0,0,0,0,0,0
492,2,3,462,483,0,0,0,0,0,0,0,0
187,0,4,171,203,186,0,0,0,0,0,0,0
1111,1,4,1080,1065,1156,0,0,0,0,0,0,0
462,2,4,492,462,483,0,0,0,0,0,0,0
186,0,5,187,171,203,186,0,0,0,0,0,0
1167,1,5,1111,1080,1065,1156,0,0,0,0,0,0
510,2,5,462,492,462,483,0,0,0,0,0,0
202,0,6,186,187,171,203,186,0,0,0,0,0
1228,1,6,1167,1111,1080,1065,1156,0,0,0,0,0
561,2,6,510,462,492,462,483,0,0,0,0,0
235,0,7,202,186,187,171,203,0,0,0,0,0
1422,1,7,1228,1167,1111,1080,1065,0,0,0,0,0
522,2,7,561,510,462,492,462,0,0,0,0,0
232,0,8,235,202,186,187,171,0,0,0,0,0
1509,1,8,1422,1228,1167,1111,1080,0,0,0,0,0
630,2,8,522,561,510,462,492,0,0,0,0,0
186,0,9,232,235,202,186,187,0,0,0,0,0
1210,1,9,1509,1422,1228,1167,1111,0,0,0,0,0
473,2,9,630,522,561,510,462,0,0,0,0,0
190,0,10,186,232,235,202,186,0,0,0,0,0
1184,1,10,1210,1509,1422,1228,1167,0,0,0,0,0
561,2,10,473,630,522,561,510,0,0,0,0,0
183,0,11,190,186,232,235,202,0,0,0,0,0
1113,1,11,1184,1210,1509,1422,1228,0,0,0,0,0
565,2,11,561,473,630,522,561,0,0,0,0,0
170,0,12,183,190,186,232,235,0,0,0,0,0
1153,1,12,1113,1184,1210,1509,1422,0,0,0,0,0
642,2,12,565,561,473,630,522,0,0,0,0,0
208,0,1,170,183,190,186,232,186,0,0,0,0
1241,1,1,1153,1113,1184,1210,1509,1156,0,0,0,0
538,2,1,642,565,561,473,630,483,0,0,0,0
168,0,2,208,170,183,190,186,203,0,0,0,0
1117,1,2,1241,1153,1113,1184,1210,1065,0,0,0,0
492,2,2,538,642,565,561,473,462,0,0,0,0
197,0,3,168,208,170,183,190,171,0,0,0,0
1225,1,3,1117,1241,1153,1113,1184,1080,0,0,0,0
488,2,3,492,538,642,565,561,492,0,0,0,0
182,0,4,197,168,208,170,183,187,0,0,0,0
1098,1,4,1225,1117,1241,1153,1113,1111,0,0,0,0
491,2,4,488,492,538,642,565,462,0,0,0,0
184,0,5,182,197,168,208,170,186,0,0,0,0
1188,1,5,1098,1225,1117,1241,1153,1167,0,0,0,0
488,2,5,491,488,492,538,642,510,0,0,0,0
194,0,6,184,182,197,168,208,202,0,0,0,0
1111,1,6,1188,1098,1225,1117,1241,1228,0,0,0,0
409,2,6,488,491,488,492,538,561,0,0,0,0
205,0,7,194,184,182,197,168,235,0,0,0,0
1211,1,7,1111,1188,1098,1225,1117,1422,0,0,0,0
514,2,7,409,488,491,488,492,522,0,0,0,0
199,0,8,205,194,184,182,197,232,0,0,0,0
1195,1,8,1211,1111,1188,1098,1225,1509,0,0,0,0
410,2,8,514,409,488,491,488,630,0,0,0,0
165,0,9,199,205,194,184,182,186,0,0,0,0
1095,1,9,1195,1211,1111,1188,1098,1210,0,0,0,0
399,2,9,410,514,409,488,491,473,0,0,0,0
180,0,10,165,199,205,194,184,190,0,0,0,0
1091,1,10,1095,1195,1211,1111,1188,1184,0,0,0,0
377,2,10,399,410,514,409,488,561,0,0,0,0
166,0,11,180,165,199,205,194,183,0,0,0,0
1017,1,11,1091,1095,1195,1211,1111,1113,0,0,0,0
432,2,11,377,399,410,514,409,565,0,0,0,0
160,0,12,166,180,165,199,205,170,0,0,0,0
991,1,12,1017,1091,1095,1195,1211,1153,0,0,0,0
382,2,12,432,377,399,410,514,642,0,0,0,0
179,0,1,160,166,180,165,199,208,186,0,0,0
1125,1,1,991,1017,1091,1095,1195,1241,1156,0,0,0
451,2,1,382,432,377,399,410,538,483,0,0,0
165,0,2,179,160,166,180,165,168,203,0,0,0
1000,1,2,1125,991,1017,1091,1095,1117,1065,0,0,0
422,2,2,451,382,432,377,399,492,462,0,0,0
178,0,3,165,179,160,166,180,197,171,0,0,0
1033,1,3,1000,1125,991,1017,1091,1225,1080,0,0,0
475,2,3,422,451,382,432,377,488,492,0,0,0
171,0,4,178,165,179,160,166,182,187,0,0,0
1067,1,4,1033,1000,1125,991,1017,1098,1111,0,0,0
435,2,4,475,422,451,382,432,491,462,0,0,0
179,0,5,171,178,165,179,160,184,186,0,0,0
1149,1,5,1067,1033,1000,1125,991,1188,1167,0,0,0
475,2,5,435,475,422,451,382,488,510,0,0,0
182,0,6,179,171,178,165,179,194,202,0,0,0
1076,1,6,1149,1067,1033,1000,1125,1111,1228,0,0,0
437,2,6,475,435,475,422,451,409,561,0,0,0
206,0,7,182,179,171,178,165,205,235,0,0,0
1122,1,7,1076,1149,1067,1033,1000,1211,1422,0,0,0
500,2,7,437,475,435,475,422,514,522,0,0,0
177,0,8,206,182,179,171,178,199,232,0,0,0
1149,1,8,1122,1076,1149,1067,1033,1195,1509,0,0,0
506,2,8,500,437,475,435,475,410,630,0,0,0
174,0,9,177,206,182,179,171,165,186,0,0,0
1126,1,9,1149,1122,1076,1149,1067,1095,1210,0,0,0
477,2,9,506,500,437,475,435,399,473,0,0,0
159,0,10,174,177,206,182,179,180,190,0,0,0
1100,1,10,1126,1149,1122,1076,1149,1091,1184,0,0,0
445,2,10,477,506,500,437,475,377,561,0,0,0
156,0,11,159,174,177,206,182,166,183,0,0,0
1009,1,11,1100,1126,1149,1122,1076,1017,1113,0,0,0
425,2,11,445,477,506,500,437,432,565,0,0,0
187,0,12,156,159,174,177,206,160,170,0,0,0
991,1,12,1009,1100,1126,1149,1122,991,1153,0,0,0
436,2,12,425,445,477,506,500,382,642,0,0,0
181,0,1,187,156,159,174,177,179,208,186,0,0
1028,1,1,991,1009,1100,1126,1149,1125,1241,1156,0,0
420,2,1,436,425,445,477,506,451,538,483,0,0
161,0,2,181,187,156,159,174,165,168,203,0,0
959,1,2,1028,991,1009,1100,1126,1000,1117,1065,0,0
367,2,2,420,436,425,445,477,422,492,462,0,0
187,0,3,161,181,187,156,159,178,197,171,0,0
1057,1,3,959,1028,991,1009,1100,1033,1225,1080,0,0
409,2,3,367,420,436,425,445,475,488,492,0,0
176,0,4,187,161,181,187,156,171,182,187,0,0
1047,1,4,1057,959,1028,991,1009,1067,1098,1111,0,0
377,2,4,409,367,420,436,425,435,491,462,0,0
172,0,5,176,187,161,181,187,179,184,186,0,0
1032,1,5,1047,1057,959,1028,991,1149,1188,1167,0,0
420,2,5,377,409,367,420,436,475,488,510,0,0
151,0,6,172,176,187,161,181,182,194,202,0,0
979,1,6,1032,1047,1057,959,1028,1076,1111,1228,0,0
349,2,6,420,377,409,367,420,437,409,561,0,0
195,0,7,151,172,176,187,161,206,205,235,0,0
1113,1,7,979,1032,1047,1057,959,1122,1211,1422,0,0
424,2,7,349,420,377,409,367,500,514,522,0,0
199,0,8,195,151,172,176,187,177,199,232,0,0
1058,1,8,1113,979,1032,1047,1057,1149,1195,1509,0,0
478,2,8,424,349,420,377,409,506,410,630,0,0
172,0,9,199,195,151,172,176,174,165,186,0,0
1081,1,9,1058,1113,979,1032,1047,1126,1095,1210,0,0
426,2,9,478,424,349,420,377,477,399,473,0,0
160,0,10,172,199,195,151,172,159,180,190,0,0
997,1,10,1081,1058,1113,979,1032,1100,1091,1184,0,0
452,2,10,426,478,424,349,420,445,377,561,0,0
154,0,11,160,172,199,195,151,156,166,183,0,0
911,1,11,997,1081,1058,1113,979,1009,1017,1113,0,0
448,2,11,452,426,478,424,349,425,432,565,0,0
199,0,12,154,160,172,199,195,187,160,170,0,0
1146,1,12,911,997,1081,1058,1113,991,991,1153,0,0
568,2,12,448,452,426,478,424,436,382,642,0,0
138,0,1,199,154,160,172,199,181,179,208,186,0
968,1,1,1146,911,997,1081,1058,1028,1125,1241,1156,0
417,2,1,568,448,452,426,478,420,451,538,483,0
137,0,2,138,199,154,160,172,161,165,168,203,0
901,1,2,968,1146,911,997,1081,959,1000,1117,1065,0
352,2,2,417,568,448,452,426,367,422,492,462,0
157,0,3,137,138,199,154,160,187,178,197,171,0
925,1,3,901,968,1146,911,997,1057,1033,1225,1080,0
410,2,3,352,417,568,448,452,409,475,488,492,0
162,0,4,157,137,138,199,154,176,171,182,187,0
922,1,4,925,901,968,1146,911,1047,1067,1098,1111,0
389,2,4,410,352,417,568,448,377,435,491,462,0
153,0,5,162,157,137,138,199,172,179,184,186,0
886,1,5,922,925,901,968,1146,1032,1149,1188,1167,0
374,2,5,389,410,352,417,568,420,475,488,510,0
152,0,6,153,162,157,137,138,151,182,194,202,0
905,1,6,886,922,925,901,968,979,1076,1111,1228,0
331,2,6,374,389,410,352,417,349,437,409,561,0
155,0,7,152,153,162,157,137,195,206,205,235,0
1009,1,7,905,886,922,925,901,1113,1122,1211,1422,0
391,2,7,331,374,389,410,352,424,500,514,522,0
166,0,8,155,152,153,162,157,199,177,199,232,0
972,1,8,1009,905,886,922,925,1058,1149,1195,1509,0
427,2,8,391,331,374,389,410,478,506,410,630,0
169,0,9,166,155,152,153,162,172,174,165,186,0
922,1,9,972,1009,905,886,922,1081,1126,1095,1210,0
414,2,9,427,391,331,374,389,426,477,399,473,0
128,0,10,169,166,155,152,153,160,159,180,190,0
1001,1,10,922,972,1009,905,886,997,1100,1091,1184,0
418,2,10,414,427,391,331,374,452,445,377,561,0
128,0,11,128,169,166,155,152,154,156,166,183,0
968,1,11,1001,922,972,1009,905,911,1009,1017,1113,0
447,2,11,418,414,427,391,331,448,425,432,565,0
154,0,12,128,128,169,166,155,199,187,160,170,0
1067,1,12,968,1001,922,972,1009,1146,991,991,1153,0
478,2,12,447,418,414,427,391,568,436,382,642,0
146,0,1,154,128,128,169,166,138,181,179,208,186
1001,1,1,1067,968,1001,922,972,968,1028,1125,1241,1156
381,2,1,478,447,418,414,427,417,420,451,538,483
131,0,2,146,154,128,128,169,137,161,165,168,203
998,1,2,1001,1067,968,1001,922,901,959,1000,1117,1065
365,2,2,381,478,447,418,414,352,367,422,492,462
143,0,3,131,146,154,128,128,157,187,178,197,171
985,1,3,998,1001,1067,968,1001,925,1057,1033,1225,1080
386,2,3,365,381,478,447,418,410,409,475,488,492
136,0,4,143,131,146,154,128,162,176,171,182,187
937,1,4,985,998,1001,1067,968,922,1047,1067,1098,1111
352,2,4,386,365,381,478,447,389,377,435,491,462
170,0,5,136,143,131,146,154,153,172,179,184,186
879,1,5,937,985,998,1001,1067,886,1032,1149,1188,1167
357,2,5,352,386,365,381,478,374,420,475,488,510
144,0,6,170,136,143,131,146,152,151,182,194,202
950,1,6,879,937,985,998,1001,905,979,1076,1111,1228
392,2,6,357,352,386,365,381,331,349,437,409,561
175,0,7,144,170,136,143,131,155,195,206,205,235
1110,1,7,950,879,937,985,998,1009,1113,1122,1211,1422
417,2,7,392,357,352,386,365,391,424,500,514,522
158,0,8,175,144,170,136,143,166,199,177,199,232
1098,1,8,1110,950,879,937,985,972,1058,1149,1195,1509
451,2,8,417,392,357,352,386,427,478,506,410,630
168,0,9,158,175,144,170,136,169,172,174,165,186
967,1,9,1098,1110,950,879,937,922,1081,1126,1095,1210
395,2,9,451,417,392,357,352,414,426,477,399,473
139,0,10,168,158,175,144,170,128,160,159,180,190
984,1,10,967,1098,1110,950,879,1001,997,1100,1091,1184
427,2,10,395,451,417,392,357,418,452,445,377,561
137,0,11,139,168,158,175,144,128,154,156,166,183
962,1,11,984,967,1098,1110,950,968,911,1009,1017,1113
410,2,11,427,395,451,417,392,447,448,425,432,565
150,0,12,137,139,168,158,175,154,199,187,160,170
955,1,12,962,984,967,1098,1110,1067,1146,991,991,1153
430,2,12,410,427,395,451,417,478,568,436,382,642
154,0,1,150,137,139,168,158,146,138,181,179,208
1073,1,1,955,962,984,967,1098,1001,968,1028,1125,1241
399,2,1,430,410,427,395,451,381,417,420,451,538
148,0,2,154,150,137,139,168,131,137,161,165,168
961,1,2,1073,955,962,984,967,998,901,959,1000,1117
368,2,2,399,430,410,427,395,365,352,367,422,492
176,0,3,148,154,150,137,139,143,157,187,178,197
1117,1,3,961,1073,955,962,984,985,925,1057,1033,1225
443,2,3,368,399,430,410,427,386,410,409,475,488
169,0,4,176,148,154,150,137,136,162,176,171,182
1033,1,4,1117,961,1073,955,962,937,922,1047,1067,1098
431,2,4,443,368,399,430,410,352,389,377,435,491
167,0,5,169,176,148,154,150,170,153,172,179,184
1149,1,5,1033,1117,961,1073,955,879,886,1032,1149,1188
414,2,5,431,443,368,399,430,357,374,420,475,488
175,0,6,167,169,176,148,154,144,152,151,182,194
1107,1,6,1149,1033,1117,961,1073,950,905,979,1076,1111
430,2,6,414,431,443,368,399,392,331,349,437,409
192,0,7,175,167,169,176,148,175,155,195,206,205
1249,1,7,1107,1149,1033,1117,961,1110,1009,1113,1122,1211
497,2,7,430,414,431,443,368,417,391,424,500,514
170,0,8,192,175,167,169,176,158,166,199,177,199
1267,1,8,1249,1107,1149,1033,1117,1098,972,1058,1149,1195
500,2,8,497,430,414,431,443,451,427,478,506,410
168,0,9,170,192,175,167,169,168,169,172,174,165
1185,1,9,1267,1249,1107,1149,1033,967,922,1081,1126,1095
513,2,9,500,497,430,414,431,395,414,426,477,399
137,0,10,168,170,192,175,167,139,128,160,159,180
950,1,10,1185,1267,1249,1107,1149,984,1001,997,1100,1091
490,2,10,513,500,497,430,414,427,418,452,445,377
127,0,11,137,168,170,192,175,137,128,154,156,166
878,1,11,950,1185,1267,1249,1107,962,968,911,1009,1017
395,2,11,490,513,500,497,430,410,447,448,425,432
167,0,12,127,137,168,170,192,150,154,199,187,160
901,1,12,878,950,1185,1267,1249,955,1067,1146,991,991
425,2,12,395,490,513,500,497,430,478,568,436,382
145,0,1,167,127,137,168,170,154,146,138,181,179
1026,1,1,901,878,950,1185,1267,1073,1001,968,1028,1125
379,2,1,425,395,490,513,500,399,381,417,420,451
133,0,2,145,167,127,137,168,148,131,137,161,165
973,1,2,1026,901,878,950,1185,961,998,901,959,1000
452,2,2,379,425,395,490,513,368,365,352,367,422
158,0,3,133,145,167,127,137,176,143,157,187,178
963,1,3,973,1026,901,878,950,1117,985,925,1057,1033
475,2,3,452,379,425,395,490,443,386,410,409,475
148,0,4,158,133,145,167,127,169,136,162,176,171
893,1,4,963,973,1026,901,878,1033,937,922,1047,1067
391,2,4,475,452,379,425,395,431,352,389,377,435
157,0,5,148,158,133,145,167,167,170,153,172,179
1066,1,5,893,963,973,1026,901,1149,879,886,1032,1149
415,2,5,391,475,452,379,425,414,357,374,420,475
157,0,6,157,148,158,133,145,175,144,152,151,182
1004,1,6,1066,893,963,973,1026,1107,950,905,979,1076
417,2,6,415,391,475,452,379,430,392,331,349,437
173,0,7,157,157,148,158,133,192,175,155,195,206
1020,1,7,1004,1066,893,963,973,1249,1110,1009,1113,1122
479,2,7,417,415,391,475,452,497,417,391,424,500
140,0,8,173,157,157,148,158,170,158,166,199,177
1074,1,8,1020,1004,1066,893,963,1267,1098,972,1058,1149
454,2,8,479,417,415,391,475,500,451,427,478,506
129,0,9,140,173,157,157,148,168,168,169,172,174
964,1,9,1074,1020,1004,1066,893,1185,967,922,1081,1126
427,2,9,454,479,417,415,391,513,395,414,426,477
128,0,10,129,140,173,157,157,137,139,128,160,159
999,1,10,964,1074,1020,1004,1066,950,984,1001,997,1100
482,2,10,427,454,479,417,415,490,427,418,452,445
141,0,11,128,129,140,173,157,127,137,128,154,156
838,1,11,999,964,1074,1020,1004,878,962,968,911,1009
498,2,11,482,427,454,479,417,395,410,447,448,425
136,0,12,141,128,129,140,173,167,150,154,199,187
908,1,12,838,999,964,1074,1020,901,955,1067,1146,991
441,2,12,498,482,427,454,479,425,430,478,568,436
137,0,1,136,141,128,129,140,145,154,146,138,181
1031,1,1,908,838,999,964,1074,1026,1073,1001,968,1028
436,2,1,441,498,482,427,454,379,399,381,417,420
111,0,2,137,136,141,128,129,133,148,131,137,161
875,1,2,1031,908,838,999,964,973,961,998,901,959
412,2,2,436,441,498,482,427,452,368,365,352,367
149,0,3,111,137,136,141,128,158,176,143,157,187
947,1,3,875,1031,908,838,999,963,1117,985,925,1057
429,2,3,412,436,441,498,482,475,443,386,410,409
131,0,4,149,111,137,136,141,148,169,136,162,176
921,1,4,947,875,1031,908,838,893,1033,937,922,1047
418,2,4,429,412,436,441,498,391,431,352,389,377
145,0,5,131,149,111,137,136,157,167,170,153,172
995,1,5,921,947,875,1031,908,1066,1149,879,886,1032
387,2,5,418,429,412,436,441,415,414,357,374,420
126,0,6,145,131,149,111,137,157,175,144,152,151
918,1,6,995,921,947,875,1031,1004,1107,950,905,979
398,2,6,387,418,429,412,436,417,430,392,331,349
152,0,7,126,145,131,149,111,173,192,175,155,195
1066,1,7,918,995,921,947,875,1020,1249,1110,1009,1113
483,2,7,398,387,418,429,412,479,497,417,391,424
157,0,8,152,126,145,131,149,140,170,158,166,199
1129,1,8,1066,918,995,921,947,1074,1267,1098,972,1058
503,2,8,483,398,387,418,429,454,500,451,427,478
134,0,9,157,152,126,145,131,129,168,168,169,172
1049,1,9,1129,1066,918,995,921,964,1185,967,922,1081
500,2,9,503,483,398,387,418,427,513,395,414,426
122,0,10,134,157,152,126,145,128,137,139,128,160
1038,1,10,1049,1129,1066,918,995,999,950,984,1001,997
502,2,10,500,503,483,398,387,482,490,427,418,452
129,0,11,122,134,157,152,126,141,127,137,128,154
881,1,11,1038,1049,1129,1066,918,838,878,962,968,911
496,2,11,502,500,503,483,398,498,395,410,447,448
125,0,12,129,122,134,157,152,136,167,150,154,199
923,1,12,881,1038,1049,1129,1066,908,901,955,1067,1146
424,2,12,496,502,500,503,483,441,425,430,478,568
151,0,1,125,129,122,134,157,137,145,154,146,138
1048,1,1,923,881,1038,1049,1129,1031,1026,1073,1001,968
474,2,1,424,496,502,500,503,436,379,399,381,417
121,0,2,151,125,129,122,134,111,133,148,131,137
930,1,2,1048,923,881,1038,1049,875,973,961,998,901
405,2,2,474,424,496,502,500,412,452,368,365,352
127,0,3,121,151,125,129,122,149,158,176,143,157
992,1,3,930,1048,923,881,1038,947,963,1117,985,925
481,2,3,405,474,424,496,502,429,475,443,386,410
160,0,4,127,121,151,125,129,131,148,169,136,162
1001,1,4,992,930,1048,923,881,921,893,1033,937,922
457,2,4,481,405,474,424,496,418,391,431,352,389
143,0,5,160,127,121,151,125,145,157,167,170,153
1009,1,5,1001,992,930,1048,923,995,1066,1149,879,886
461,2,5,457,481,405,474,424,387,415,414,357,374
137,0,6,143,160,127,121,151,126,157,175,144,152
1049,1,6,1009,1001,992,930,1048,918,1004,1107,950,905
467,2,6,461,457,481,405,474,398,417,430,392,331
144,0,7,137,143,160,127,121,152,173,192,175,155
1173,1,7,1049,1009,1001,992,930,1066,1020,1249,1110,1009
487,2,7,467,461,457,481,405,483,479,497,417,391
145,0,8,144,137,143,160,127,157,140,170,158,166
1156,1,8,1173,1049,1009,1001,992,1129,1074,1267,1098,972
490,2,8,487,467,461,457,481,503,454,500,451,427
175,0,9,145,144,137,143,160,134,129,168,168,169
1090,1,9,1156,1173,1049,1009,1001,1049,964,1185,967,922
525,2,9,490,487,467,461,457,500,427,513,395,414
128,0,10,175,145,144,137,143,122,128,137,139,128
1106,1,10,1090,1156,1173,1049,1009,1038,999,950,984,1001
547,2,10,525,490,487,467,461,502,482,490,427,418
144,0,11,128,175,145,144,137,129,141,127,137,128
936,1,11,1106,1090,1156,1173,1049,881,838,878,962,968
442,2,11,547,525,490,487,467,496,498,395,410,447
137,0,12,144,128,175,145,144,125,136,167,150,154
977,1,12,936,1106,1090,1156,1173,923,908,901,955,1067
453,2,12,442,547,525,490,487,424,441,425,430,478
139,0,1,137,144,128,175,145,151,137,145,154,146
1148,1,1,977,936,1106,1090,1156,1048,1031,1026,1073,1001
506,2,1,453,442,547,525,490,474,436,379,399,381
133,0,2,139,137,144,128,175,121,111,133,148,131
976,1,2,1148,977,936,1106,1090,930,875,973,961,998
459,2,2,506,453,442,547,525,405,412,452,368,365
115,0,3,133,139,137,144,128,127,149,158,176,143
1133,1,3,976,1148,977,936,1106,992,947,963,1117,985
484,2,3,459,506,453,442,547,481,429,475,443,386
111,0,4,115,133,139,137,144,160,131,148,169,136
1059,1,4,1133,976,1148,977,936,1001,921,893,1033,937
441,2,4,484,459,506,453,442,457,418,391,431,352
154,0,5,111,115,133,139,137,143,145,157,167,170
1122,1,5,1059,1133,976,1148,977,1009,995,1066,1149,879
507,2,5,441,484,459,506,453,461,387,415,414,357
152,0,6,154,111,115,133,139,137,126,157,175,144
1178,1,6,1122,1059,1133,976,1148,1049,918,1004,1107,950
549,2,6,507,441,484,459,506,467,398,417,430,392
172,0,7,152,154,111,115,133,144,152,173,192,175
1285,1,7,1178,1122,1059,1133,976,1173,1066,1020,1249,1110
580,2,7,549,507,441,484,459,487,483,479,497,417
143,0,8,172,152,154,111,115,145,157,140,170,158
1244,1,8,1285,1178,1122,1059,1133,1156,1129,1074,1267,1098
586,2,8,580,549,507,441,484,490,503,454,500,451
144,0,9,143,172,152,154,111,175,134,129,168,168
1224,1,9,1244,1285,1178,1122,1059,1090,1049,964,1185,967
593,2,9,586,580,549,507,441,525,500,427,513,395
119,0,10,144,143,172,152,154,128,122,128,137,139
1105,1,10,1224,1244,1285,1178,1122,1106,1038,999,950,984
608,2,10,593,586,580,549,507,547,502,482,490,427
108,0,11,119,144,143,172,152,144,129,141,127,137
834,1,11,1105,1224,1244,1285,1178,936,881,838,878,962
404,2,11,608,593,586,580,549,442,496,498,395,410
145,0,12,108,119,144,143,172,137,125,136,167,150
1058,1,12,834,1105,1224,1244,1285,977,923,908,901,955
528,2,12,404,608,593,586,580,453,424,441,425,430
118,0,1,145,108,119,144,143,139,151,137,145,154
1124,1,1,1058,834,1105,1224,1244,1148,1048,1031,1026,1073
574,2,1,528,404,608,593,586,506,474,436,379,399
137,0,2,118,145,108,119,144,133,121,111,133,148
935,1,2,1124,1058,834,1105,1224,976,930,875,973,961
481,2,2,574,528,404,608,593,459,405,412,452,368
147,0,3,137,118,145,108,119,115,127,149,158,176
1016,1,3,935,1124,1058,834,1105,1133,992,947,963,1117
537,2,3,481,574,528,404,608,484,481,429,475,443
126,0,4,147,137,118,145,108,111,160,131,148,169
1095,1,4,1016,935,1124,1058,834,1059,1001,921,893,1033
546,2,4,537,481,574,528,404,441,457,418,391,431
148,0,5,126,147,137,118,145,154,143,145,157,167
1067,1,5,1095,1016,935,1124,1058,1122,1009,995,1066,1149
590,2,5,546,537,481,574,528,507,461,387,415,414
124,0,6,148,126,147,137,118,152,137,126,157,175
1153,1,6,1067,1095,1016,935,1124,1178,1049,918,1004,1107
642,2,6,590,546,537,481,574,549,467,398,417,430
136,0,7,124,148,126,147,137,172,144,152,173,192
1254,1,7,1153,1067,1095,1016,935,1285,1173,1066,1020,1249
684,2,7,642,590,546,537,481,580,487,483,479,497
115,0,8,136,124,148,126,147,143,145,157,140,170
1360,1,8,1254,1153,1067,1095,1016,1244,1156,1129,1074,1267
714,2,8,684,642,590,546,537,586,490,503,454,500
134,0,9,115,136,124,148,126,144,175,134,129,168
1213,1,9,1360,1254,1153,1067,1095,1224,1090,1049,964,1185
649,2,9,714,684,642,590,546,593,525,500,427,513
139,0,10,134,115,136,124,148,119,128,122,128,137
1165,1,10,1213,1360,1254,1153,1067,1105,1106,1038,999,950
659,2,10,649,714,684,642,590,608,547,502,482,490
126,0,11,139,134,115,136,124,108,144,129,141,127
1075,1,11,1165,1213,1360,1254,1153,834,936,881,838,878
592,2,11,659,649,714,684,642,404,442,496,498,395
184,0,12,126,139,134,115,136,145,137,125,136,167
1230,1,12,1075,1165,1213,1360,1254,1058,977,923,908,901
668,2,12,592,659,649,714,684,528,453,424,441,425
115,0,1,184,126,139,134,115,118,139,151,137,145
1153,1,1,1230,1075,1165,1213,1360,1124,1148,1048,1031,1026
635,2,1,668,592,659,649,714,574,506,474,436,379
110,0,2,115,184,126,139,134,137,133,121,111,133
1069,1,2,1153,1230,1075,1165,1213,935,976,930,875,973
578,2,2,635,668,592,659,649,481,459,405,412,452
125,0,3,110,115,184,126,139,147,115,127,149,158
1104,1,3,1069,1153,1230,1075,1165,1016,1133,992,947,963
655,2,3,578,635,668,592,659,537,484,481,429,475
122,0,4,125,110,115,184,126,126,111,160,131,148
1150,1,4,1104,1069,1153,1230,1075,1095,1059,1001,921,893
611,2,4,655,578,635,668,592,546,441,457,418,391
129,0,5,122,125,110,115,184,148,154,143,145,157
1140,1,5,1150,1104,1069,1153,1230,1067,1122,1009,995,1066
656,2,5,611,655,578,635,668,590,507,461,387,415
142,0,6,129,122,125,110,115,124,152,137,126,157
1108,1,6,1140,1150,1104,1069,1153,1153,1178,1049,918,1004
587,2,6,656,611,655,578,635,642,549,467,398,417
156,0,7,142,129,122,125,110,136,172,144,152,173
1324,1,7,1108,1140,1150,1104,1069,1254,1285,1173,1066,1020
658,2,7,587,656,611,655,578,684,580,487,483,479
126,0,8,156,142,129,122,125,115,143,145,157,140
1323,1,8,1324,1108,1140,1150,1104,1360,1244,1156,1129,1074
656,2,8,658,587,656,611,655,714,586,490,503,454
130,0,9,126,156,142,129,122,134,144,175,134,129
1152,1,9,1323,1324,1108,1140,1150,1213,1224,1090,1049,964
711,2,9,656,658,587,656,611,649,593,525,500,427
122,0,10,130,126,156,142,129,139,119,128,122,128
1107,1,10,1152,1323,1324,1108,1140,1165,1105,1106,1038,999
637,2,10,711,656,658,587,656,659,608,547,502,482
103,0,11,122,130,126,156,142,126,108,144,129,141
1131,1,11,1107,1152,1323,1324,1108,1075,834,936,881,838
632,2,11,637,711,656,658,587,592,404,442,496,498
211,0,12,103,122,130,126,156,184,145,137,125,136
1529,1,12,1131,1107,1152,1323,1324,1230,1058,977,923,908
896,2,12,632,637,711,656,658,668,528,453,424,441
131,0,1,211,103,122,130,126,115,118,139,151,137
1255,1,1,1529,1131,1107,1152,1323,1153,1124,1148,1048,1031
626,2,1,896,632,637,711,656,635,574,506,474,436
104,0,2,131,211,103,122,130,110,137,133,121,111
1087,1,2,1255,1529,1131,1107,1152,1069,935,976,930,875
523,2,2,626,896,632,637,711,578,481,459,405,412
142,0,3,104,131,211,103,122,125,147,115,127,149
1179,1,3,1087,1255,1529,1131,1107,1104,1016,1133,992,947
586,2,3,523,626,896,632,637,655,537,484,481,429
135,0,4,142,104,131,211,103,122,126,111,160,131
1193,1,4,1179,1087,1255,1529,1131,1150,1095,1059,1001,921
561,2,4,586,523,626,896,632,611,546,441,457,418
163,0,5,135,142,104,131,211,129,148,154,143,145
1226,1,5,1193,1179,1087,1255,1529,1140,1067,1122,1009,995
592,2,5,561,586,523,626,896,656,590,507,461,387
143,0,6,163,135,142,104,131,142,124,152,137,126
1213,1,6,1226,1193,1179,1087,1255,1108,1153,1178,1049,918
725,2,6,592,561,586,523,626,587,642,549,467,398
143,0,7,143,163,135,142,104,156,136,172,144,152
1337,1,7,1213,1226,1193,1179,1087,1324,1254,1285,1173,1066
770,2,7,725,592,561,586,523,658,684,580,487,483
137,0,8,143,143,163,135,142,126,115,143,145,157
1413,1,8,1337,1213,1226,1193,1179,1323,1360,1244,1156,1129
712,2,8,770,725,592,561,586,656,714,586,490,503
118,0,9,137,143,143,163,135,130,134,144,175,134
1218,1,9,1413,1337,1213,1226,1193,1152,1213,1224,1090,1049
697,2,9,712,770,725,592,561,711,649,593,525,500
130,0,10,118,137,143,143,163,122,139,119,128,122
1298,1,10,1218,1413,1337,1213,1226,1107,1165,1105,1106,1038
659,2,10,697,712,770,725,592,637,659,608,547,502
122,0,11,130,118,137,143,143,103,126,108,144,129
1199,1,11,1298,1218,1413,1337,1213,1131,1075,834,936,881
671,2,11,659,697,712,770,725,632,592,404,442,496
125,0,12,122,130,118,137,143,211,184,145,137,125
1224,1,12,1199,1298,1218,1413,1337,1529,1230,1058,977,923
778,2,12,671,659,697,712,770,896,668,528,453,424
132,0,1,125,122,130,118,137,131,115,118,139,151
1180,1,1,1224,1199,1298,1218,1413,1255,1153,1124,1148,1048
583,2,1,778,671,659,697,712,626,635,574,506,474
129,0,2,132,125,122,130,118,104,110,137,133,121
1100,1,2,1180,1224,1199,1298,1218,1087,1069,935,976,930
539,2,2,583,778,671,659,697,523,578,481,459,405
149,0,3,129,132,125,122,130,142,125,147,115,127
1250,1,3,1100,1180,1224,1199,1298,1179,1104,1016,1133,992
633,2,3,539,583,778,671,659,586,655,537,484,481
133,0,4,149,129,132,125,122,135,122,126,111,160
1189,1,4,1250,1100,1180,1224,1199,1193,1150,1095,1059,1001
587,2,4,633,539,583,778,671,561,611,546,441,457
138,0,5,133,149,129,132,125,163,129,148,154,143
1119,1,5,1189,1250,1100,1180,1224,1226,1140,1067,1122,1009
622,2,5,587,633,539,583,778,592,656,590,507,461
128,0,6,138,133,149,129,132,143,142,124,152,137
1182,1,6,1119,1189,1250,1100,1180,1213,1108,1153,1178,1049
610,2,6,622,587,633,539,583,725,587,642,549,467
121,0,7,128,138,133,149,129,143,156,136,172,144
1323,1,7,1182,1119,1189,1250,1100,1337,1324,1254,1285,1173
638,2,7,610,622,587,633,539,770,658,684,580,487
130,0,8,121,128,138,133,149,137,126,115,143,145
1332,1,8,1323,1182,1119,1189,1250,1413,1323,1360,1244,1156
638,2,8,638,610,622,587,633,712,656,714,586,490
111,0,9,130,121,128,138,133,118,130,134,144,175
1209,1,9,1332,1323,1182,1119,1189,1218,1152,1213,1224,1090
603,2,9,638,638,610,622,587,697,711,649,593,525
114,0,10,111,130,121,128,138,130,122,139,119,128
1212,1,10,1209,1332,1323,1182,1119,1298,1107,1165,1105,1106
635,2,10,603,638,638,610,622,659,637,659,608,547
102,0,11,114,111,130,121,128,122,103,126,108,144
1131,1,11,1212,1209,1332,1323,1182,1199,1131,1075,834,936
583,2,11,635,603,638,638,610,671,632,592,404,442
127,0,12,102,114,111,130,121,125,211,184,145,137
1140,1,12,1131,1212,1209,1332,1323,1224,1529,1230,1058,977
694,2,12,583,635,603,638,638,778,896,668,528,453
113,0,1,127,102,114,111,130,132,131,115,118,139
1083,1,1,1140,1131,1212,1209,1332,1180,1255,1153,1124,1148
577,2,1,694,583,635,603,638,583,626,635,574,506
108,0,2,113,127,102,114,111,129,104,110,137,133
910,1,2,1083,1140,1131,1212,1209,1100,1087,1069,935,976
433,2,2,577,694,583,635,603,539,523,578,481,459
121,0,3,108,113,127,102,114,149,142,125,147,115
1053,1,3,910,1083,1140,1131,1212,1250,1179,1104,1016,1133
481,2,3,433,577,694,583,635,633,586,655,537,484
99,0,4,121,108,113,127,102,133,135,122,126,111
1178,1,4,1053,910,1083,1140,1131,1189,1193,1150,1095,1059
474,2,4,481,433,577,694,583,587,561,611,546,441
100,0,5,99,121,108,113,127,138,163,129,148,154
1092,1,5,1178,1053,910,1083,1140,1119,1226,1140,1067,1122
518,2,5,474,481,433,577,694,622,592,656,590,507
89,0,6,100,99,121,108,113,128,143,142,124,152
1100,1,6,1092,1178,1053,910,1083,1182,1213,1108,1153,1178
557,2,6,518,474,481,433,577,610,725,587,642,549
106,0,7,89,100,99,121,108,121,143,156,136,172
1160,1,7,1100,1092,1178,1053,910,1323,1337,1324,1254,1285
594,2,7,557,518,474,481,433,638,770,658,684,580
113,0,8,106,89,100,99,121,130,137,126,115,143
1279,1,8,1160,1100,1092,1178,1053,1332,1413,1323,1360,1244
708,2,8,594,557,518,474,481,638,712,656,714,586
126,0,9,113,106,89,100,99,111,118,130,134,144
1091,1,9,1279,1160,1100,1092,1178,1209,1218,1152,1213,1224
563,2,9,708,594,557,518,474,603,697,711,649,593
105,0,10,126,113,106,89,100,114,130,122,139,119
1109,1,10,1091,1279,1160,1100,1092,1212,1298,1107,1165,1105
637,2,10,563,708,594,557,518,635,659,637,659,608
102,0,11,105,126,113,106,89,102,122,103,126,108
989,1,11,1109,1091,1279,1160,1100,1131,1199,1131,1075,834
578,2,11,637,563,708,594,557,583,671,632,592,404
108,0,12,102,105,126,113,106,127,125,211,184,145
1036,1,12,989,1109,1091,1279,1160,1140,1224,1529,1230,1058
689,2,12,578,637,563,708,594,694,778,896,668,528
101,0,1,108,102,105,126,113,113,132,131,115,118
1072,1,1,1036,989,1109,1091,1279,1083,1180,1255,1153,1124
498,2,1,689,578,637,563,708,577,583,626,635,574
90,0,2,101,108,102,105,126,108,129,104,110,137
980,1,2,1072,1036,989,1109,1091,910,1100,1087,1069,935
394,2,2,498,689,578,637,563,433,539,523,578,481
107,0,3,90,101,108,102,105,121,149,142,125,147
891,1,3,980,1072,1036,989,1109,1053,1250,1179,1104,1016
437,2,3,394,498,689,578,637,481,633,586,655,537
99,0,4,107,90,101,108,102,99,133,135,122,126
896,1,4,891,980,1072,1036,989,1178,1189,1193,1150,1095
429,2,4,437,394,498,689,578,474,587,561,611,546
124,0,5,99,107,90,101,108,100,138,163,129,148
963,1,5,896,891,980,1072,1036,1092,1119,1226,1140,1067
459,2,5,429,437,394,498,689,518,622,592,656,590
125,0,6,124,99,107,90,101,89,128,143,142,124
1025,1,6,963,896,891,980,1072,1100,1182,1213,1108,1153
474,2,6,459,429,437,394,498,557,610,725,587,642
130,0,7,125,124,99,107,90,106,121,143,156,136
1045,1,7,1025,963,896,891,980,1160,1323,1337,1324,1254
493,2,7,474,459,429,437,394,594,638,770,658,684
99,0,8,130,125,124,99,107,113,130,137,126,115
1083,1,8,1045,1025,963,896,891,1279,1332,1413,1323,1360
470,2,8,493,474,459,429,437,708,638,712,656,714
96,0,9,99,130,125,124,99,126,111,118,130,134
918,1,9,1083,1045,1025,963,896,1091,1209,1218,1152,1213
489,2,9,470,493,474,459,429,563,603,697,711,649
99,0,10,96,99,130,125,124,105,114,130,122,139
908,1,10,918,1083,1045,1025,963,1109,1212,1298,1107,1165
531,2,10,489,470,493,474,459,637,635,659,637,659
88,0,11,99,96,99,130,125,102,102,122,103,126
843,1,11,908,918,1083,1045,1025,989,1131,1199,1131,1075
555,2,11,531,489,470,493,474,578,583,671,632,592
144,0,12,88,99,96,99,130,108,127,125,211,184
1181,1,12,843,908,918,1083,1045,1036,1140,1224,1529,1230
633,2,12,555,531,489,470,493,689,694,778,896,668
123,0,1,144,88,99,96,99,101,113,132,131,115
993,1,1,1181,843,908,918,1083,1072,1083,1180,1255,1153
454,2,1,633,555,531,489,470,498,577,583,626,635
89,0,2,123,144,88,99,96,90,108,129,104,110
811,1,2,993,1181,843,908,918,980,910,1100,1087,1069
385,2,2,454,633,555,531,489,394,433,539,523,578
102,0,3,89,123,144,88,99,107,121,149,142,125
962,1,3,811,993,1181,843,908,891,1053,1250,1179,1104
452,2,3,385,454,633,555,531,437,481,633,586,655
90,0,4,102,89,123,144,88,99,99,133,135,122
863,1,4,962,811,993,1181,843,896,1178,1189,1193,1150
421,2,4,452,385,454,633,555,429,474,587,561,611
124,0,5,90,102,89,123,144,124,100,138,163,129
887,1,5,863,962,811,993,1181,963,1092,1119,1226,1140
433,2,5,421,452,385,454,633,459,518,622,592,656
100,0,6,124,90,102,89,123,125,89,128,143,142
930,1,6,887,863,962,811,993,1025,1100,1182,1213,1108
509,2,6,433,421,452,385,454,474,557,610,725,587
110,0,7,100,124,90,102,89,130,106,121,143,156
975,1,7,930,887,863,962,811,1045,1160,1323,1337,1324
490,2,7,509,433,421,452,385,493,594,638,770,658
112,0,8,110,100,124,90,102,99,113,130,137,126
942,1,8,975,930,887,863,962,1083,1279,1332,1413,1323
502,2,8,490,509,433,421,452,470,708,638,712,656
88,0,9,112,110,100,124,90,96,126,111,118,130
900,1,9,942,975,930,887,863,918,1091,1209,1218,1152
476,2,9,502,490,509,433,421,489,563,603,697,711
90,0,10,88,112,110,100,124,99,105,114,130,122
942,1,10,900,942,975,930,887,908,1109,1212,1298,1107
480,2,10,476,502,490,509,433,531,637,635,659,637
78,0,11,90,88,112,110,100,88,102,102,122,103
853,1,11,942,900,942,975,930,843,989,1131,1199,1131
493,2,11,480,476,502,490,509,555,578,583,671,632
110,0,12,78,90,88,112,110,144,108,127,125,211
867,1,12,853,942,900,942,975,1181,1036,1140,1224,1529
558,2,12,493,480,476,502,490,633,689,694,778,896
98,0,1,110,78,90,88,112,123,101,113,132,131
947,1,1,867,853,942,900,942,993,1072,1083,1180,1255
436,2,1,558,493,480,476,502,454,498,577,583,626
100,0,2,98,110,78,90,88,89,90,108,129,104
745,1,2,947,867,853,942,900,811,980,910,1100,1087
331,2,2,436,558,493,480,476,385,394,433,539,523
97,0,3,100,98,110,78,90,102,107,121,149,142
868,1,3,745,947,867,853,942,962,891,1053,1250,1179
386,2,3,331,436,558,493,480,452,437,481,633,586
91,0,4,97,100,98,110,78,90,99,99,133,135
817,1,4,868,745,947,867,853,863,896,1178,1189,1193
364,2,4,386,331,436,558,493,421,429,474,587,561
100,0,5,91,97,100,98,110,124,124,100,138,163
875,1,5,817,868,745,947,867,887,963,1092,1119,1226
373,2,5,364,386,331,436,558,433,459,518,622,592
113,0,6,100,91,97,100,98,100,125,89,128,143
818,1,6,875,817,868,745,947,930,1025,1100,1182,1213
400,2,6,373,364,386,331,436,509,474,557,610,725
100,0,7,113,100,91,97,100,110,130,106,121,143
885,1,7,818,875,817,868,745,975,1045,1160,1323,1337
396,2,7,400,373,364,386,331,490,493,594,638,770
86,0,8,100,113,100,91,97,112,99,113,130,137
906,1,8,885,818,875,817,868,942,1083,1279,1332,1413
423,2,8,396,400,373,364,386,502,470,708,638,712
112,0,9,86,100,113,100,91,88,96,126,111,118
811,1,9,906,885,818,875,817,900,918,1091,1209,1218
392,2,9,423,396,400,373,364,476,489,563,603,697
83,0,10,112,86,100,113,100,90,99,105,114,130
845,1,10,811,906,885,818,875,942,908,1109,1212,1298
383,2,10,392,423,396,400,373,480,531,637,635,659
92,0,11,83,112,86,100,113,78,88,102,102,122
730,1,11,845,811,906,885,818,853,843,989,1131,1199
391,2,11,383,392,423,396,400,493,555,578,583,671
93,0,12,92,83,112,86,100,110,144,108,127,125
893,1,12,730,845,811,906,885,867,1181,1036,1140,1224
481,2,12,391,383,392,423,396,558,633,689,694,778
91,0,1,93,92,83,112,86,98,123,101,113,132
846,1,1,893,730,845,811,906,947,993,1072,1083,1180
348,2,1,481,391,383,392,423,436,454,498,577,583
73,0,2,91,93,92,83,112,100,89,90,108,129
698,1,2,846,893,730,845,811,745,811,980,910,1100
292,2,2,348,481,391,383,392,331,385,394,433,539
86,0,3,73,91,93,92,83,97,102,107,121,149
701,1,3,698,846,893,730,845,868,962,891,1053,1250
318,2,3,292,348,481,391,383,386,452,437,481,633
83,0,4,86,73,91,93,92,91,90,99,99,133
735,1,4,701,698,846,893,730,817,863,896,1178,1189
311,2,4,318,292,348,481,391,364,421,429,474,587
82,0,5,83,86,73,91,93,100,124,124,100,138
754,1,5,735,701,698,846,893,875,887,963,1092,1119
397,2,5,311,318,292,348,481,373,433,459,518,622
98,0,6,82,83,86,73,91,113,100,125,89,128
741,1,6,754,735,701,698,846,818,930,1025,1100,1182
366,2,6,397,311,318,292,348,400,509,474,557,610
97,0,7,98,82,83,86,73,100,110,130,106,121
897,1,7,741,754,735,701,698,885,975,1045,1160,1323
355,2,7,366,397,311,318,292,396,490,493,594,638
85,0,8,97,98,82,83,86,86,112,99,113,130
801,1,8,897,741,754,735,701,906,942,1083,1279,1332
432,2,8,355,366,397,311,318,423,502,470,708,638
85,0,9,85,97,98,82,83,112,88,96,126,111
844,1,9,801,897,741,754,735,811,900,918,1091,1209
358,2,9,432,355,366,397,311,392,476,489,563,603
85,0,10,85,85,97,98,82,83,90,99,105,114
751,1,10,844,801,897,741,754,845,942,908,1109,1212
373,2,10,358,432,355,366,397,383,480,531,637,635
75,0,11,85,85,85,97,98,92,78,88,102,102
666,1,11,751,844,801,897,741,730,853,843,989,1131
402,2,11,373,358,432,355,366,391,493,555,578,583
95,0,12,75,85,85,85,97,93,110,144,108,127
774,1,12,666,751,844,801,897,893,867,1181,1036,1140
426,2,12,402,373,358,432,355,481,558,633,689,694
88,0,1,95,75,85,85,85,91,98,123,101,113
797,1,1,774,666,751,844,801,846,947,993,1072,1083
353,2,1,426,402,373,358,432,348,436,454,498,577
97,0,2,88,95,75,85,85,73,100,89,90,108
697,1,2,797,774,666,751,844,698,745,811,980,910
280,2,2,353,426,402,373,358,292,331,385,394,433
90,0,3,97,88,95,75,85,86,97,102,107,121
719,1,3,697,797,774,666,751,701,868,962,891,1053
295,2,3,280,353,426,402,373,318,386,452,437,481
71,0,4,90,97,88,95,75,83,91,90,99,99
706,1,4,719,697,797,774,666,735,817,863,896,1178
337,2,4,295,280,353,426,402,311,364,421,429,474
87,0,5,71,90,97,88,95,82,100,124,124,100
815,1,5,706,719,697,797,774,754,875,887,963,1092
326,2,5,337,295,280,353,426,397,373,433,459,518
74,0,6,87,71,90,97,88,98,113,100,125,89
750,1,6,815,706,719,697,797,741,818,930,1025,1100
390,2,6,326,337,295,280,353,366,400,509,474,557
79,0,7,74,87,71,90,97,97,100,110,130,106
872,1,7,750,815,706,719,697,897,885,975,1045,1160
391,2,7,390,326,337,295,280,355,396,490,493,594
78,0,8,79,74,87,71,90,85,86,112,99,113
826,1,8,872,750,815,706,719,801,906,942,1083,1279
423,2,8,391,390,326,337,295,432,423,502,470,708
79,0,9,78,79,74,87,71,85,112,88,96,126
730,1,9,826,872,750,815,706,844,811,900,918,1091
391,2,9,423,391,390,326,337,358,392,476,489,563
86,0,10,79,78,79,74,87,85,83,90,99,105
740,1,10,730,826,872,750,815,751,845,942,908,1109
405,2,10,391,423,391,390,326,373,383,480,531,637
71,0,11,86,79,78,79,74,75,92,78,88,102
645,1,11,740,730,826,872,750,666,730,853,843,989
384,2,11,405,391,423,391,390,402,391,493,555,578
100,0,12,71,86,79,78,79,95,93,110,144,108
903,1,12,645,740,730,826,872,774,893,867,1181,1036
496,2,12,384,405,391,423,391,426,481,558,633,689
97,0,1,100,71,86,79,78,88,91,98,123,101
828,1,1,903,645,740,730,826,797,846,947,993,1072
358,2,1,496,384,405,391,423,353,348,436,454,498
58,0,2,97,100,71,86,79,97,73,100,89,90
678,1,2,828,903,645,740,730,697,698,745,811,980
290,2,2,358,496,384,405,391,280,292,331,385,394
59,0,3,58,97,100,71,86,90,86,97,102,107
793,1,3,678,828,903,645,740,719,701,868,962,891
303,2,3,290,358,496,384,405,295,318,386,452,437
89,0,4,59,58,97,100,71,71,83,91,90,99
816,1,4,793,678,828,903,645,706,735,817,863,896
363,2,4,303,290,358,496,384,337,311,364,421,429
99,0,5,89,59,58,97,100,87,82,100,124,124
802,1,5,816,793,678,828,903,815,754,875,887,963
419,2,5,363,303,290,358,496,326,397,373,433,459
93,0,6,99,89,59,58,97,74,98,113,100,125
872,1,6,802,816,793,678,828,750,741,818,930,1025
384,2,6,419,363,303,290,358,390,366,400,509,474
100,0,7,93,99,89,59,58,79,97,100,110,130
924,1,7,872,802,816,793,678,872,897,885,975,1045
434,2,7,384,419,363,303,290,391,355,396,490,493
110,0,8,100,93,99,89,59,78,85,86,112,99
870,1,8,924,872,802,816,793,826,801,906,942,1083
413,2,8,434,384,419,363,303,423,432,423,502,470
79,0,9,110,100,93,99,89,79,85,112,88,96
837,1,9,870,924,872,802,816,730,844,811,900,918
406,2,9,413,434,384,419,363,391,358,392,476,489
79,0,10,79,110,100,93,99,86,85,83,90,99
873,1,10,837,870,924,872,802,740,751,845,942,908
495,2,10,406,413,434,384,419,405,373,383,480,531
65,0,11,79,79,110,100,93,71,75,92,78,88
802,1,11,873,837,870,924,872,645,666,730,853,843
422,2,11,495,406,413,434,384,384,402,391,493,555
92,0,12,65,79,79,110,100,100,95,93,110,144
928,1,12,802,873,837,870,924,903,774,893,867,1181
473,2,12,422,495,406,413,434,496,426,481,558,633
74,0,1,92,65,79,79,110,97,88,91,98,123
858,1,1,928,802,873,837,870,828,797,846,947,993
393,2,1,473,422,495,406,413,358,353,348,436,454
95,0,2,74,92,65,79,79,58,97,73,100,89
749,1,2,858,928,802,873,837,678,697,698,745,811
280,2,2,393,473,422,495,406,290,280,292,331,385
91,0,3,95,74,92,65,79,59,90,86,97,102
840,1,3,749,858,928,802,873,793,719,701,868,962
351,2,3,280,393,473,422,495,303,295,318,386,452
95,0,4,91,95,74,92,65,89,71,83,91,90
804,1,4,840,749,858,928,802,816,706,735,817,863
374,2,4,351,280,393,473,422,363,337,311,364,421
83,0,5,95,91,95,74,92,99,87,82,100,124
858,1,5,804,840,749,858,928,802,815,754,875,887
398,2,5,374,351,280,393,473,419,326,397,373,433
79,0,6,83,95,91,95,74,93,74,98,113,100
869,1,6,858,804,840,749,858,872,750,741,818,930
381,2,6,398,374,351,280,393,384,390,366,400,509
95,0,7,79,83,95,91,95,100,79,97,100,110
921,1,7,869,858,804,840,749,924,872,897,885,975
499,2,7,381,398,374,351,280,434,391,355,396,490
77,0,8,95,79,83,95,91,110,78,85,86,112
956,1,8,921,869,858,804,840,870,826,801,906,942
444,2,8,499,381,398,374,351,413,423,432,423,502
115,0,9,77,95,79,83,95,79,79,85,112,88
934,1,9,956,921,869,858,804,837,730,844,811,900
505,2,9,444,499,381,398,374,406,391,358,392,476
99,0,10,115,77,95,79,83,79,86,85,83,90
856,1,10,934,956,921,869,858,873,740,751,845,942
430,2,10,505,444,499,381,398,495,405,373,383,480
82,0,11,99,115,77,95,79,65,71,75,92,78
746,1,11,856,934,956,921,869,802,645,666,730,853
445,2,11,430,505,444,499,381,422,384,402,391,493
85,0,12,82,99,115,77,95,92,100,95,93,110
810,1,12,746,856,934,956,921,928,903,774,893,867
497,2,12,445,430,505,444,499,473,496,426,481,558
99,0,1,85,82,99,115,77,74,97,88,91,98
815,1,1,810,746,856,934,956,858,828,797,846,947
353,2,1,497,445,430,505,444,393,358,353,348,436
84,0,2,99,85,82,99,115,95,58,97,73,100
741,1,2,815,810,746,856,934,749,678,697,698,745
336,2,2,353,497,445,430,505,280,290,280,292,331
91,0,3,84,99,85,82,99,91,59,90,86,97
863,1,3,741,815,810,746,856,840,793,719,701,868
399,2,3,336,353,497,445,430,351,303,295,318,386
86,0,4,91,84,99,85,82,95,89,71,83,91
860,1,4,863,741,815,810,746,804,816,706,735,817
429,2,4,399,336,353,497,445,374,363,337,311,364
71,0,5,86,91,84,99,85,83,99,87,82,100
865,1,5,860,863,741,815,810,858,802,815,754,875
480,2,5,429,399,336,353,497,398,419,326,397,373
87,0,6,71,86,91,84,99,79,93,74,98,113
856,1,6,865,860,863,741,815,869,872,750,741,818
470,2,6,480,429,399,336,353,381,384,390,366,400
99,0,7,87,71,86,91,84,95,100,79,97,100
938,1,7,856,865,860,863,741,921,924,872,897,885
488,2,7,470,480,429,399,336,499,434,391,355,396
106,0,8,99,87,71,86,91,77,110,78,85,86
885,1,8,938,856,865,860,863,956,870,826,801,906
507,2,8,488,470,480,429,399,444,413,423,432,423
88,0,9,106,99,87,71,86,115,79,79,85,112
861,1,9,885,938,856,865,860,934,837,730,844,811
465,2,9,507,488,470,480,429,505,406,391,358,392
97,0,10,88,106,99,87,71,99,79,86,85,83
822,1,10,861,885,938,856,865,856,873,740,751,845
439,2,10,465,507,488,470,480,430,495,405,373,383
70,0,11,97,88,106,99,87,82,65,71,75,92
778,1,11,822,861,885,938,856,746,802,645,666,730
423,2,11,439,465,507,488,470,445,422,384,402,391
89,0,12,70,97,88,106,99,85,92,100,95,93
875,1,12,778,822,861,885,938,810,928,903,774,893
497,2,12,423,439,465,507,488,497,473,496,426,481
79,0,1,89,70,97,88,106,99,74,97,88,91
846,1,1,875,778,822,861,885,815,858,828,797,846
388,2,1,497,423,439,465,507,353,393,358,353,348
94,0,2,79,89,70,97,88,84,95,58,97,73
738,1,2,846,875,778,822,861,741,749,678,697,698
303,2,2,388,497,423,439,465,336,280,290,280,292
87,0,3,94,79,89,70,97,91,91,59,90,86
851,1,3,738,846,875,778,822,863,840,793,719,701
404,2,3,303,388,497,423,439,399,351,303,295,318
87,0,4,87,94,79,89,70,86,95,89,71,83
876,1,4,851,738,846,875,778,860,804,816,706,735
372,2,4,404,303,388,497,423,429,374,363,337,311
107,0,5,87,87,94,79,89,71,83,99,87,82
880,1,5,876,851,738,846,875,865,858,802,815,754
412,2,5,372,404,303,388,497,480,398,419,326,397
97,0,6,107,87,87,94,79,87,79,93,74,98
822,1,6,880,876,851,738,846,856,869,872,750,741
435,2,6,412,372,404,303,388,470,381,384,390,366
104,0,7,97,107,87,87,94,99,95,100,79,97
959,1,7,822,880,876,851,738,938,921,924,872,897
476,2,7,435,412,372,404,303,488,499,434,391,355
102,0,8,104,97,107,87,87,106,77,110,78,85
895,1,8,959,822,880,876,851,885,956,870,826,801
493,2,8,476,435,412,372,404,507,444,413,423,432
89,0,9,102,104,97,107,87,88,115,79,79,85
860,1,9,895,959,822,880,876,861,934,837,730,844
460,2,9,493,476,435,412,372,465,505,406,391,358
71,0,10,89,102,104,97,107,97,99,79,86,85
827,1,10,860,895,959,822,880,822,856,873,740,751
433,2,10,460,493,476,435,412,439,430,495,405,373
72,0,11,71,89,102,104,97,70,82,65,71,75
768,1,11,827,860,895,959,822,778,746,802,645,666
427,2,11,433,460,493,476,435,423,445,422,384,402
80,0,12,72,71,89,102,104,89,85,92,100,95
756,1,12,768,827,860,895,959,875,810,928,903,774
483,2,12,427,433,460,493,476,497,497,473,496,426
74,0,1,80,72,71,89,102,79,99,74,97,88
851,1,1,756,768,827,860,895,846,815,858,828,797
369,2,1,483,427,433,460,493,388,353,393,358,353
78,0,2,74,80,72,71,89,94,84,95,58,97
759,1,2,851,756,768,827,860,738,741,749,678,697
327,2,2,369,483,427,433,460,303,336,280,290,280
89,0,3,78,74,80,72,71,87,91,91,59,90
847,1,3,759,851,756,768,827,851,863,840,793,719
378,2,3,327,369,483,427,433,404,399,351,303,295
81,0,4,89,78,74,80,72,87,86,95,89,71
864,1,4,847,759,851,756,768,876,860,804,816,706
361,2,4,378,327,369,483,427,372,429,374,363,337
98,0,5,81,89,78,74,80,107,71,83,99,87
936,1,5,864,847,759,851,756,880,865,858,802,815
451,2,5,361,378,327,369,483,412,480,398,419,326
93,0,6,98,81,89,78,74,97,87,79,93,74
955,1,6,936,864,847,759,851,822,856,869,872,750
462,2,6,451,361,378,327,369,435,470,381,384,390
104,0,7,93,98,81,89,78,104,99,95,100,79
1010,1,7,955,936,864,847,759,959,938,921,924,872
506,2,7,462,451,361,378,327,476,488,499,434,391
86,0,8,104,93,98,81,89,102,106,77,110,78
986,1,8,1010,955,936,864,847,895,885,956,870,826
500,2,8,506,462,451,361,378,493,507,444,413,423
88,0,9,86,104,93,98,81,89,88,115,79,79
839,1,9,986,1010,955,936,864,860,861,934,837,730
424,2,9,500,506,462,451,361,460,465,505,406,391
107,0,10,88,86,104,93,98,71,97,99,79,86
862,1,10,839,986,1010,955,936,827,822,856,873,740
474,2,10,424,500,506,462,451,433,439,430,495,405
83,0,11,107,88,86,104,93,72,70,82,65,71
781,1,11,862,839,986,1010,955,768,778,746,802,645
474,2,11,474,424,500,506,462,427,423,445,422,384
70,0,12,83,107,88,86,104,80,89,85,92,100
863,1,12,781,862,839,986,1010,756,875,810,928,903
506,2,12,474,474,424,500,506,483,497,497,473,496
106,0,1,70,83,107,88,86,74,79,99,74,97
926,1,1,863,781,862,839,986,851,846,815,858,828
382,2,1,506,474,474,424,500,369,388,353,393,358
70,0,2,106,70,83,107,88,78,94,84,95,58
709,1,2,926,863,781,862,839,759,738,741,749,678
338,2,2,382,506,474,474,424,327,303,336,280,290
67,0,3,70,106,70,83,107,89,87,91,91,59
849,1,3,709,926,863,781,862,847,851,863,840,793
385,2,3,338,382,506,474,474,378,404,399,351,303
66,0,4,67,70,106,70,83,81,87,86,95,89
919,1,4,849,709,926,863,781,864,876,860,804,816
411,2,4,385,338,382,506,474,361,372,429,374,363
75,0,5,66,67,70,106,70,98,107,71,83,99
933,1,5,919,849,709,926,863,936,880,865,858,802
442,2,5,411,385,338,382,506,451,412,480,398,419
90,0,6,75,66,67,70,106,93,97,87,79,93
986,1,6,933,919,849,709,926,955,822,856,869,872
439,2,6,442,411,385,338,382,462,435,470,381,384
89,0,7,90,75,66,67,70,104,104,99,95,100
1043,1,7,986,933,919,849,709,1010,959,938,921,924
537,2,7,439,442,411,385,338,506,476,488,499,434
98,0,8,89,90,75,66,67,86,102,106,77,110
903,1,8,1043,986,933,919,849,986,895,885,956,870
462,2,8,537,439,442,411,385,500,493,507,444,413
96,0,9,98,89,90,75,66,88,89,88,115,79
929,1,9,903,1043,986,933,919,839,860,861,934,837
458,2,9,462,537,439,442,411,424,460,465,505,406
100,0,10,96,98,89,90,75,107,71,97,99,79
914,1,10,929,903,1043,986,933,862,827,822,856,873
485,2,10,458,462,537,439,442,474,433,439,430,495
92,0,11,100,96,98,89,90,83,72,70,82,65
820,1,11,914,929,903,1043,986,781,768,778,746,802
500,2,11,485,458,462,537,439,474,427,423,445,422
79,0,12,92,100,96,98,89,70,80,89,85,92
960,1,12,820,914,929,903,1043,863,756,875,810,928
517,2,12,500,485,458,462,537,506,483,497,497,473
83,0,1,79,92,100,96,98,106,74,79,99,74
905,1,1,960,820,914,929,903,926,851,846,815,858
430,2,1,517,500,485,458,462,382,369,388,353,393
60,0,2,83,79,92,100,96,70,78,94,84,95
740,1,2,905,960,820,914,929,709,759,738,741,749
323,2,2,430,517,500,485,458,338,327,303,336,280
76,0,3,60,83,79,92,100,67,89,87,91,91
884,1,3,740,905,960,820,914,849,847,851,863,840
437,2,3,323,430,517,500,485,385,378,404,399,351
94,0,4,76,60,83,79,92,66,81,87,86,95
935,1,4,884,740,905,960,820,919,864,876,860,804
420,2,4,437,323,430,517,500,411,361,372,429,374
76,0,5,94,76,60,83,79,75,98,107,71,83
908,1,5,935,884,740,905,960,933,936,880,865,858
463,2,5,420,437,323,430,517,442,451,412,480,398
95,0,6,76,94,76,60,83,90,93,97,87,79
1030,1,6,908,935,884,740,905,986,955,822,856,869
484,2,6,463,420,437,323,430,439,462,435,470,381
96,0,7,95,76,94,76,60,89,104,104,99,95
1024,1,7,1030,908,935,884,740,1043,1010,959,938,921
520,2,7,484,463,420,437,323,537,506,476,488,499
94,0,8,96,95,76,94,76,98,86,102,106,77
993,1,8,1024,1030,908,935,884,903,986,895,885,956
487,2,8,520,484,463,420,437,462,500,493,507,444
99,0,9,94,96,95,76,94,96,88,89,88,115
866,1,9,993,1024,1030,908,935,929,839,860,861,934
485,2,9,487,520,484,463,420,458,424,460,465,505
97,0,10,99,94,96,95,76,100,107,71,97,99
799,1,10,866,993,1024,1030,908,914,862,827,822,856
500,2,10,485,487,520,484,463,485,474,433,439,430
88,0,11,97,99,94,96,95,92,83,72,70,82
813,1,11,799,866,993,1024,1030,820,781,768,778,746
454,2,11,500,485,487,520,484,500,474,427,423,445
89,0,12,88,97,99,94,96,79,70,80,89,85
825,1,12,813,799,866,993,1024,960,863,756,875,810
531,2,12,454,500,485,487,520,517,506,483,497,497
64,0,1,89,88,97,99,94,83,106,74,79,99
807,1,1,825,813,799,866,993,905,926,851,846,815
363,2,1,531,454,500,485,487,430,382,369,388,353
64,0,2,64,89,88,97,99,60,70,78,94,84
722,1,2,807,825,813,799,866,740,709,759,738,741
355,2,2,363,531,454,500,485,323,338,327,303,336
104,0,3,64,64,89,88,97,76,67,89,87,91
773,1,3,722,807,825,813,799,884,849,847,851,863
427,2,3,355,363,531,454,500,437,385,378,404,399
81,0,4,104,64,64,89,88,94,66,81,87,86
814,1,4,773,722,807,825,813,935,919,864,876,860
423,2,4,427,355,363,531,454,420,411,361,372,429
80,0,5,81,104,64,64,89,76,75,98,107,71
782,1,5,814,773,722,807,825,908,933,936,880,865
439,2,5,423,427,355,363,531,463,442,451,412,480
83,0,6,80,81,104,64,64,95,90,93,97,87
879,1,6,782,814,773,722,807,1030,986,955,822,856
433,2,6,439,423,427,355,363,484,439,462,435,470
86,0,7,83,80,81,104,64,96,89,104,104,99
899,1,7,879,782,814,773,722,1024,1043,1010,959,938
413,2,7,433,439,423,427,355,520,537,506,476,488
87,0,8,86,83,80,81,104,94,98,86,102,106
862,1,8,899,879,782,814,773,993,903,986,895,885
436,2,8,413,433,439,423,427,487,462,500,493,507
71,0,9,87,86,83,80,81,99,96,88,89,88
831,1,9,862,899,879,782,814,866,929,839,860,861
474,2,9,436,413,433,439,423,485,458,424,460,465
63,0,10,71,87,86,83,80,97,100,107,71,97
785,1,10,831,862,899,879,782,799,914,862,827,822
440,2,10,474,436,413,433,439,500,485,474,433,439
72,0,11,63,71,87,86,83,88,92,83,72,70
720,1,11,785,831,862,899,879,813,820,781,768,778
439,2,11,440,474,436,413,433,454,500,474,427,423
81,0,12,72,63,71,87,86,89,79,70,80,89
719,1,12,720,785,831,862,899,825,960,863,756,875
424,2,12,439,440,474,436,413,531,517,506,483,497
87,0,1,81,72,63,71,87,64,83,106,74,79
827,1,1,719,720,785,831,862,807,905,926,851,846
347,2,1,424,439,440,474,436,363,430,382,369,388
83,0,2,87,81,72,63,71,64,60,70,78,94
719,1,2,827,719,720,785,831,722,740,709,759,738
267,2,2,347,424,439,440,474,355,323,338,327,303
80,0,3,83,87,81,72,63,104,76,67,89,87
853,1,3,719,827,719,720,785,773,884,849,847,851
332,2,3,267,347,424,439,440,427,437,385,378,404
92,0,4,80,83,87,81,72,81,94,66,81,87
890,1,4,853,719,827,719,720,814,935,919,864,876
371,2,4,332,267,347,424,439,423,420,411,361,372
89,0,5,92,80,83,87,81,80,76,75,98,107
891,1,5,890,853,719,827,719,782,908,933,936,880
414,2,5,371,332,267,347,424,439,463,442,451,412
105,0,6,89,92,80,83,87,83,95,90,93,97
877,1,6,891,890,853,719,827,879,1030,986,955,822
417,2,6,414,371,332,267,347,433,484,439,462,435
102,0,7,105,89,92,80,83,86,96,89,104,104
988,1,7,877,891,890,853,719,899,1024,1043,1010,959
487,2,7,417,414,371,332,267,413,520,537,506,476
84,0,8,102,105,89,92,80,87,94,98,86,102
924,1,8,988,877,891,890,853,862,993,903,986,895
399,2,8,487,417,414,371,332,436,487,462,500,493
78,0,9,84,102,105,89,92,71,99,96,88,89
819,1,9,924,988,877,891,890,831,866,929,839,860
369,2,9,399,487,417,414,371,474,485,458,424,460
93,0,10,78,84,102,105,89,63,97,100,107,71
800,1,10,819,924,988,877,891,785,799,914,862,827
391,2,10,369,399,487,417,414,440,500,485,474,433
84,0,11,93,78,84,102,105,72,88,92,83,72
773,1,11,800,819,924,988,877,720,813,820,781,768
409,2,11,391,369,399,487,417,439,454,500,474,427
78,0,12,84,93,78,84,102,81,89,79,70,80
794,1,12,773,800,819,924,988,719,825,960,863,756
427,2,12,409,391,369,399,487,424,531,517,506,483
67,0,1,78,84,93,78,84,87,64,83,106,74
843,1,1,794,773,800,819,924,827,807,905,926,851
310,2,1,427,409,391,369,399,347,363,430,382,369
80,0,2,67,78,84,93,78,83,64,60,70,78
649,1,2,843,794,773,800,819,719,722,740,709,759
245,2,2,310,427,409,391,369,267,355,323,338,327
82,0,3,80,67,78,84,93,80,104,76,67,89
814,1,3,649,843,794,773,800,853,773,884,849,847
363,2,3,245,310,427,409,391,332,427,437,385,378
83,0,4,82,80,67,78,84,92,81,94,66,81
871,1,4,814,649,843,794,773,890,814,935,919,864
367,2,4,363,245,310,427,409,371,423,420,411,361
84,0,5,83,82,80,67,78,89,80,76,75,98
878,1,5,871,814,649,843,794,891,782,908,933,936
375,2,5,367,363,245,310,427,414,439,463,442,451
84,0,6,84,83,82,80,67,105,83,95,90,93
850,1,6,878,871,814,649,843,877,879,1030,986,955
381,2,6,375,367,363,245,310,417,433,484,439,462
83,0,7,84,84,83,82,80,102,86,96,89,104
897,1,7,850,878,871,814,649,988,899,1024,1043,1010
439,2,7,381,375,367,363,245,487,413,520,537,506
83,0,8,83,84,84,83,82,84,87,94,98,86
870,1,8,897,850,878,871,814,924,862,993,903,986
411,2,8,439,381,375,367,363,399,436,487,462,500
98,0,9,83,83,84,84,83,78,71,99,96,88
804,1,9,870,897,850,878,871,819,831,866,929,839
350,2,9,411,439,381,375,367,369,474,485,458,424
83,0,10,98,83,83,84,84,93,63,97,100,107
802,1,10,804,870,897,850,878,800,785,799,914,862
407,2,10,350,411,439,381,375,391,440,500,485,474
80,0,11,83,98,83,83,84,84,72,88,92,83
748,1,11,802,804,870,897,850,773,720,813,820,781
388,2,11,407,350,411,439,381,409,439,454,500,474
64,0,12,80,83,98,83,83,78,81,89,79,70
700,1,12,748,802,804,870,897,794,719,825,960,863
388,2,12,388,407,350,411,439,427,424,531,517,506
93,0,1,64,80,83,98,83,67,87,64,83,106
797,1,1,700,748,802,804,870,843,827,807,905,926
316,2,1,388,388,407,350,411,310,347,363,430,382
75,0,2,93,64,80,83,98,80,83,64,60,70
622,1,2,797,700,748,802,804,649,719,722,740,709
229,2,2,316,388,388,407,350,245,267,355,323,338
68,0,3,75,93,64,80,83,82,80,104,76,67
746,1,3,622,797,700,748,802,814,853,773,884,849
322,2,3,229,316,388,388,407,363,332,427,437,385
69,0,4,68,75,93,64,80,83,92,81,94,66
810,1,4,746,622,797,700,748,871,890,814,935,919
389,2,4,322,229,316,388,388,367,371,423,420,411
87,0,5,69,68,75,93,64,84,89,80,76,75
909,1,5,810,746,622,797,700,878,891,782,908,933
370,2,5,389,322,229,316,388,375,414,439,463,442
91,0,6,87,69,68,75,93,84,105,83,95,90
795,1,6,909,810,746,622,797,850,877,879,1030,986
390,2,6,370,389,322,229,316,381,417,433,484,439
78,0,7,91,87,69,68,75,83,102,86,96,89
902,1,7,795,909,810,746,622,897,988,899,1024,1043
430,2,7,390,370,389,322,229,439,487,413,520,537
90,0,8,78,91,87,69,68,83,84,87,94,98
843,1,8,902,795,909,810,746,870,924,862,993,903
381,2,8,430,390,370,389,322,411,399,436,487,462
100,0,9,90,78,91,87,69,98,78,71,99,96
797,1,9,843,902,795,909,810,804,819,831,866,929
351,2,9,381,430,390,370,389,350,369,474,485,458
62,0,10,100,90,78,91,87,83,93,63,97,100
775,1,10,797,843,902,795,909,802,800,785,799,914
400,2,10,351,381,430,390,370,407,391,440,500,485
77,0,11,62,100,90,78,91,80,84,72,88,92
708,1,11,775,797,843,902,795,748,773,720,813,820
375,2,11,400,351,381,430,390,388,409,439,454,500
72,0,12,77,62,100,90,78,64,78,81,89,79
768,1,12,708,775,797,843,902,700,794,719,825,960
369,2,12,375,400,351,381,430,388,427,424,531,517
81,0,1,72,77,62,100,90,93,67,87,64,83
807,1,1,768,708,775,797,843,797,843,827,807,905
314,2,1,369,375,400,351,381,316,310,347,363,430
68,0,2,81,72,77,62,100,75,80,83,64,60
644,1,2,807,768,708,775,797,622,649,719,722,740
269,2,2,314,369,375,400,351,229,245,267,355,323
81,0,3,68,81,72,77,62,68,82,80,104,76
810,1,3,644,807,768,708,775,746,814,853,773,884
322,2,3,269,314,369,375,400,322,363,332,427,437
77,0,4,81,68,81,72,77,69,83,92,81,94
828,1,4,810,644,807,768,708,810,871,890,814,935
345,2,4,322,269,314,369,375,389,367,371,423,420
94,0,5,77,81,68,81,72,87,84,89,80,76
797,1,5,828,810,644,807,768,909,878,891,782,908
389,2,5,345,322,269,314,369,370,375,414,439,463
73,0,6,94,77,81,68,81,91,84,105,83,95
787,1,6,797,828,810,644,807,795,850,877,879,1030
394,2,6,389,345,322,269,314,390,381,417,433,484
107,0,7,73,94,77,81,68,78,83,102,86,96
924,1,7,787,797,828,810,644,902,897,988,899,1024
430,2,7,394,389,345,322,269,430,439,487,413,520
93,0,8,107,73,94,77,81,90,83,84,87,94
845,1,8,924,787,797,828,810,843,870,924,862,993
417,2,8,430,394,389,345,322,381,411,399,436,487
77,0,9,93,107,73,94,77,100,98,78,71,99
829,1,9,845,924,787,797,828,797,804,819,831,866
402,2,9,417,430,394,389,345,351,350,369,474,485
97,0,10,77,93,107,73,94,62,83,93,63,97
765,1,10,829,845,924,787,797,775,802,800,785,799
385,2,10,402,417,430,394,389,400,407,391,440,500
63,0,11,97,77,93,107,73,77,80,84,72,88
737,1,11,765,829,845,924,787,708,748,773,720,813
386,2,11,385,402,417,430,394,375,388,409,439,454
73,0,12,63,97,77,93,107,72,64,78,81,89
807,1,12,737,765,829,845,924,768,700,794,719,825
416,2,12,386,385,402,417,430,369,388,427,424,531
72,0,1,73,63,97,77,93,81,93,67,87,64
785,1,1,807,737,765,829,845,807,797,843,827,807
375,2,1,416,386,385,402,417,314,316,310,347,363
74,0,2,72,73,63,97,77,68,75,80,83,64
658,1,2,785,807,737,765,829,644,622,649,719,722
240,2,2,375,416,386,385,402,269,229,245,267,355
76,0,3,74,72,73,63,97,81,68,82,80,104
720,1,3,658,785,807,737,765,810,746,814,853,773
335,2,3,240,375,416,386,385,322,322,363,332,427
86,0,4,76,74,72,73,63,77,69,83,92,81
735,1,4,720,658,785,807,737,828,810,871,890,814
336,2,4,335,240,375,416,386,345,389,367,371,423
92,0,5,86,76,74,72,73,94,87,84,89,80
758,1,5,735,720,658,785,807,797,909,878,891,782
351,2,5,336,335,240,375,416,389,370,375,414,439
75,0,6,92,86,76,74,72,73,91,84,105,83
850,1,6,758,735,720,658,785,787,795,850,877,879
378,2,6,351,336,335,240,375,394,390,381,417,433
88,0,7,75,92,86,76,74,107,78,83,102,86
856,1,7,850,758,735,720,658,924,902,897,988,899
466,2,7,378,351,336,335,240,430,430,439,487,413
72,0,8,88,75,92,86,76,93,90,83,84,87
819,1,8,856,850,758,735,720,845,843,870,924,862
401,2,8,466,378,351,336,335,417,381,411,399,436
83,0,9,72,88,75,92,86,77,100,98,78,71
756,1,9,819,856,850,758,735,829,797,804,819,831
330,2,9,401,466,378,351,336,402,351,350,369,474
70,0,10,83,72,88,75,92,97,62,83,93,63
745,1,10,756,819,856,850,758,765,775,802,800,785
380,2,10,330,401,466,378,351,385,400,407,391,440
90,0,11,70,83,72,88,75,63,77,80,84,72
709,1,11,745,756,819,856,850,737,708,748,773,720
391,2,11,380,330,401,466,378,386,375,388,409,439
66,0,12,90,70,83,72,88,73,72,64,78,81
702,1,12,709,745,756,819,856,807,768,700,794,719
425,2,12,391,380,330,401,466,416,369,388,427,424
91,0,1,66,90,70,83,72,72,81,93,67,87
714,1,1,702,709,745,756,819,785,807,797,843,827
317,2,1,425,391,380,330,401,375,314,316,310,347
90,0,2,91,66,90,70,83,74,68,75,80,83
618,1,2,714,702,709,745,756,658,644,622,649,719
231,2,2,317,425,391,380,330,240,269,229,245,267
109,0,3,90,91,66,90,70,76,81,68,82,80
705,1,3,618,714,702,709,745,720,810,746,814,853
302,2,3,231,317,425,391,380,335,322,322,363,332
76,0,4,109,90,91,66,90,86,77,69,83,92
730,1,4,705,618,714,702,709,735,828,810,871,890
356,2,4,302,231,317,425,391,336,345,389,367,371
73,0,5,76,109,90,91,66,92,94,87,84,89
856,1,5,730,705,618,714,702,758,797,909,878,891
371,2,5,356,302,231,317,425,351,389,370,375,414
60,0,6,73,76,109,90,91,75,73,91,84,105
744,1,6,856,730,705,618,714,850,787,795,850,877
404,2,6,371,356,302,231,317,378,394,390,381,417
89,0,7,60,73,76,109,90,88,107,78,83,102
823,1,7,744,856,730,705,618,856,924,902,897,988
346,2,7,404,371,356,302,231,466,430,430,439,487
78,0,8,89,60,73,76,109,72,93,90,83,84
806,1,8,823,744,856,730,705,819,845,843,870,924
408,2,8,346,404,371,356,302,401,417,381,411,399
75,0,9,78,89,60,73,76,83,77,100,98,78
731,1,9,806,823,744,856,730,756,829,797,804,819
376,2,9,408,346,404,371,356,330,402,351,350,369
79,0,10,75,78,89,60,73,70,97,62,83,93
790,1,10,731,806,823,744,856,745,765,775,802,800
396,2,10,376,408,346,404,371,380,385,400,407,391
84,0,11,79,75,78,89,60,90,63,77,80,84
682,1,11,790,731,806,823,744,709,737,708,748,773
412,2,11,396,376,408,346,404,391,386,375,388,409
85,0,12,84,79,75,78,89,66,73,72,64,78
743,1,12,682,790,731,806,823,702,807,768,700,794
481,2,12,412,396,376,408,346,425,416,369,388,427
