410,0,1980,1,0,0,0,0,0,0,0,0,0,0
1414,1,1980,1,0,0,0,0,0,0,0,0,0,0
1,2,1980,1,0,0,0,0,0,0,0,0,0,0
379,0,1980,2,410,0,0,0,0,0,0,0,0,0
1351,1,1980,2,1414,0,0,0,0,0,0,0,0,0
0,2,1980,2,1,0,0,0,0,0,0,0,0,0
406,0,1980,3,379,410,0,0,0,0,0,0,0,0
1335,1,1980,3,1351,1414,0,0,0,0,0,0,0,0
2,2,1980,3,0,1,0,0,0,0,0,0,0,0
418,0,1980,4,406,379,410,0,0,0,0,0,0,0
1342,1,1980,4,1335,1351,1414,0,0,0,0,0,0,0
0,2,1980,4,2,0,1,0,0,0,0,0,0,0
432,0,1980,5,418,406,379,410,0,0,0,0,0,0
1426,1,1980,5,1342,1335,1351,1414,0,0,0,0,0,0
5,2,1980,5,0,2,0,1,0,0,0,0,0,0
434,0,1980,6,432,418,406,379,410,0,0,0,0,0
1550,1,1980,6,1426,1342,1335,1351,1414,0,0,0,0,0
7,2,1980,6,5,0,2,0,1,0,0,0,0,0
467,0,1980,7,434,432,418,406,379,0,0,0,0,0
1711,1,1980,7,1550,1426,1342,1335,1351,0,0,0,0,0
1,2,1980,7,7,5,0,2,0,0,0,0,0,0
461,0,1980,8,467,434,432,418,406,0,0,0,0,0
1910,1,1980,8,1711,1550,1426,1342,1335,0,0,0,0,0
0,2,1980,8,1,7,5,0,2,0,0,0,0,0
427,0,1980,9,461,467,434,432,418,0,0,0,0,0
1441,1,1980,9,1910,1711,1550,1426,1342,0,0,0,0,0
1,2,1980,9,0,1,7,5,0,0,0,0,0,0
384,0,1980,10,427,461,467,434,432,0,0,0,0,0
1551,1,1980,10,1441,1910,1711,1550,1426,0,0,0,0,0
0,2,1980,10,1,0,1,7,5,0,0,0,0,0
429,0,1980,11,384,427,461,467,434,0,0,0,0,0
1432,1,1980,11,1551,1441,1910,1711,1550,0,0,0,0,0
0,2,1980,11,0,1,0,1,7,0,0,0,0,0
412,0,1980,12,429,384,427,461,467,0,0,0,0,0
1551,1,1980,12,1432,1551,1441,1910,1711,0,0,0,0,0
2,2,1980,12,0,0,1,0,1,0,0,0,0,0
441,0,1981,1,412,429,384,427,461,410,0,0,0,0
1546,1,1981,1,1551,1432,1551,1441,1910,1414,0,0,0,0
0,2,1981,1,2,0,0,1,0,1,0,0,0,0
389,0,1981,2,441,412,429,384,427,379,0,0,0,0
1388,1,1981,2,1546,1551,1432,1551,1441,1351,0,0,0,0
0,2,1981,2,0,2,0,0,1,0,0,0,0,0
408,0,1981,3,389,441,412,429,384,406,0,0,0,0
1501,1,1981,3,1388,1546,1551,1432,1551,1335,0,0,0,0
1,2,1981,3,0,0,2,0,0,2,0,0,0,0
388,0,1981,4,408,389,441,412,429,418,0,0,0,0
1383,1,1981,4,1501,1388,1546,1551,1432,1342,0,0,0,0
0,2,1981,4,1,0,0,2,0,0,0,0,0,0
401,0,1981,5,388,408,389,441,412,432,0,0,0,0
1455,1,1981,5,1383,1501,1388,1546,1551,1426,0,0,0,0
4,2,1981,5,0,1,0,0,2,5,0,0,0,0
377,0,1981,6,401,388,408,389,441,434,0,0,0,0
1337,1,1981,6,1455,1383,1501,1388,1546,1550,0,0,0,0
0,2,1981,6,4,0,1,0,0,7,0,0,0,0
419,0,1981,7,377,401,388,408,389,467,0,0,0,0
1508,1,1981,7,1337,1455,1383,1501,1388,1711,0,0,0,0
3,2,1981,7,0,4,0,1,0,1,0,0,0,0
389,0,1981,8,419,377,401,388,408,461,0,0,0,0
1414,1,1981,8,1508,1337,1455,1383,1501,1910,0,0,0,0
1,2,1981,8,3,0,4,0,1,0,0,0,0,0
357,0,1981,9,389,419,377,401,388,427,0,0,0,0
1299,1,1981,9,1414,1508,1337,1455,1383,1441,0,0,0,0
3,2,1981,9,1,3,0,4,0,1,0,0,0,0
372,0,1981,10,357,389,419,377,401,384,0,0,0,0
1275,1,1981,10,1299,1414,1508,1337,1455,1551,0,0,0,0
1,2,1981,10,3,1,3,0,4,0,0,0,0,0
360,0,1981,11,372,357,389,419,377,429,0,0,0,0
1253,1,1981,11,1275,1299,1414,1508,1337,1432,0,0,0,0
2,2,1981,11,1,3,1,3,0,0,0,0,0,0
326,0,1981,12,360,372,357,389,419,412,0,0,0,0
1205,1,1981,12,1253,1275,1299,1414,1508,1551,0,0,0,0
2,2,1981,12,2,1,3,1,3,2,0,0,0,0
406,0,1982,1,326,360,372,357,389,441,410,0,0,0
1348,1,1982,1,1205,1253,1275,1299,1414,1546,1414,0,0,0
1,2,1982,1,2,2,1,3,1,0,1,0,0,0
361,0,1982,2,406,326,360,372,357,389,379,0,0,0
1225,1,1982,2,1348,1205,1253,1275,1299,1388,1351,0,0,0
1,2,1982,2,1,2,2,1,3,0,0,0,0,0
392,0,1982,3,361,406,326,360,372,408,406,0,0,0
1292,1,1982,3,1225,1348,1205,1253,1275,1501,1335,0,0,0
2,2,1982,3,1,1,2,2,1,1,2,0,0,0
404,0,1982,4,392,361,406,326,360,388,418,0,0,0
1268,1,1982,4,1292,1225,1348,1205,1253,1383,1342,0,0,0
1,2,1982,4,2,1,1,2,2,0,0,0,0,0
400,0,1982,5,404,392,361,406,326,401,432,0,0,0
1402,1,1982,5,1268,1292,1225,1348,1205,1455,1426,0,0,0
1,2,1982,5,1,2,1,1,2,4,5,0,0,0
395,0,1982,6,400,404,392,361,406,377,434,0,0,0
1299,1,1982,6,1402,1268,1292,1225,1348,1337,1550,0,0,0
1,2,1982,6,1,1,2,1,1,0,7,0,0,0
447,0,1982,7,395,400,404,392,361,419,467,0,0,0
1380,1,1982,7,1299,1402,1268,1292,1225,1508,1711,0,0,0
1,2,1982,7,1,1,1,2,1,3,1,0,0,0
393,0,1982,8,447,395,400,404,392,389,461,0,0,0
1438,1,1982,8,1380,1299,1402,1268,1292,1414,1910,0,0,0
1,2,1982,8,1,1,1,1,2,1,0,0,0,0
453,0,1982,9,393,447,395,400,404,357,427,0,0,0
1324,1,1982,9,1438,1380,1299,1402,1268,1299,1441,0,0,0
0,2,1982,9,1,1,1,1,1,3,1,0,0,0
419,0,1982,10,453,393,447,395,400,372,384,0,0,0
1281,1,1982,10,1324,1438,1380,1299,1402,1275,1551,0,0,0
4,2,1982,10,0,1,1,1,1,1,0,0,0,0
338,0,1982,11,419,453,393,447,395,360,429,0,0,0
1251,1,1982,11,1281,1324,1438,1380,1299,1253,1432,0,0,0
1,2,1982,11,4,0,1,1,1,2,0,0,0,0
398,0,1982,12,338,419,453,393,447,326,412,0,0,0
1215,1,1982,12,1251,1281,1324,1438,1380,1205,1551,0,0,0
1,2,1982,12,1,4,0,1,1,2,2,0,0,0
347,0,1983,1,398,338,419,453,393,406,441,410,0,0
1280,1,1983,1,1215,1251,1281,1324,1438,1348,1546,1414,0,0
2,2,1983,1,1,1,4,0,1,1,0,1,0,0
340,0,1983,2,347,398,338,419,453,361,389,379,0,0
1145,1,1983,2,1280,1215,1251,1281,1324,1225,1388,1351,0,0
2,2,1983,2,2,1,1,4,0,1,0,0,0,0
396,0,1983,3,340,347,398,338,419,392,408,406,0,0
1256,1,1983,3,1145,1280,1215,1251,1281,1292,1501,1335,0,0
1,2,1983,3,2,2,1,1,4,2,1,2,0,0
372,0,1983,4,396,340,347,398,338,404,388,418,0,0
1227,1,1983,4,1256,1145,1280,1215,1251,1268,1383,1342,0,0
1,2,1983,4,1,2,2,1,1,1,0,0,0,0
395,0,1983,5,372,396,340,347,398,400,401,432,0,0
1228,1,1983,5,1227,1256,1145,1280,1215,1402,1455,1426,0,0
1,2,1983,5,1,1,2,2,1,1,4,5,0,0
345,0,1983,6,395,372,396,340,347,395,377,434,0,0
1133,1,1983,6,1228,1227,1256,1145,1280,1299,1337,1550,0,0
1,2,1983,6,1,1,1,2,2,1,0,7,0,0
385,0,1983,7,345,395,372,396,340,447,419,467,0,0
1344,1,1983,7,1133,1228,1227,1256,1145,1380,1508,1711,0,0
3,2,1983,7,1,1,1,1,2,1,3,1,0,0
418,0,1983,8,385,345,395,372,396,393,389,461,0,0
1317,1,1983,8,1344,1133,1228,1227,1256,1438,1414,1910,0,0
0,2,1983,8,3,1,1,1,1,1,1,0,0,0
397,0,1983,9,418,385,345,395,372,453,357,427,0,0
1279,1,1983,9,1317,1344,1133,1228,1227,1324,1299,1441,0,0
3,2,1983,9,0,3,1,1,1,0,3,1,0,0
371,0,1983,10,397,418,385,345,395,419,372,384,0,0
1235,1,1983,10,1279,1317,1344,1133,1228,1281,1275,1551,0,0
3,2,1983,10,3,0,3,1,1,4,1,0,0,0
381,0,1983,11,371,397,418,385,345,338,360,429,0,0
1132,1,1983,11,1235,1279,1317,1344,1133,1251,1253,1432,0,0
0,2,1983,11,3,3,0,3,1,1,2,0,0,0
468,0,1983,12,381,371,397,418,385,398,326,412,0,0
1443,1,1983,12,1132,1235,1279,1317,1344,1215,1205,1551,0,0
2,2,1983,12,0,3,3,0,3,1,2,2,0,0
374,0,1984,1,468,381,371,397,418,347,406,441,410,0
1144,1,1984,1,1443,1132,1235,1279,1317,1280,1348,1546,1414,0
5,2,1984,1,2,0,3,3,0,2,1,0,1,0
327,0,1984,2,374,468,381,371,397,340,361,389,379,0
1060,1,1984,2,1144,1443,1132,1235,1279,1145,1225,1388,1351,0
3,2,1984,2,5,2,0,3,3,2,1,0,0,0
376,0,1984,3,327,374,468,381,371,396,392,408,406,0
1113,1,1984,3,1060,1144,1443,1132,1235,1256,1292,1501,1335,0
3,2,1984,3,3,5,2,0,3,1,2,1,2,0
386,0,1984,4,376,327,374,468,381,372,404,388,418,0
1083,1,1984,4,1113,1060,1144,1443,1132,1227,1268,1383,1342,0
4,2,1984,4,3,3,5,2,0,1,1,0,0,0
374,0,1984,5,386,376,327,374,468,395,400,401,432,0
1033,1,1984,5,1083,1113,1060,1144,1443,1228,1402,1455,1426,0
6,2,1984,5,4,3,3,5,2,1,1,4,5,0
358,0,1984,6,374,386,376,327,374,345,395,377,434,0
1029,1,1984,6,1033,1083,1113,1060,1144,1133,1299,1337,1550,0
1,2,1984,6,6,4,3,3,5,1,1,0,7,0
362,0,1984,7,358,374,386,376,327,385,447,419,467,0
1192,1,1984,7,1029,1033,1083,1113,1060,1344,1380,1508,1711,0
1,2,1984,7,1,6,4,3,3,3,1,3,1,0
387,0,1984,8,362,358,374,386,376,418,393,389,461,0
1173,1,1984,8,1192,1029,1033,1083,1113,1317,1438,1414,1910,0
5,2,1984,8,1,1,6,4,3,0,1,1,0,0
356,0,1984,9,387,362,358,374,386,397,453,357,427,0
1146,1,1984,9,1173,1192,1029,1033,1083,1279,1324,1299,1441,0
3,2,1984,9,5,1,1,6,4,3,0,3,1,0
406,0,1984,10,356,387,362,358,374,371,419,372,384,0
1140,1,1984,10,1146,1173,1192,1029,1033,1235,1281,1275,1551,0
1,2,1984,10,3,5,1,1,6,3,4,1,0,0
349,0,1984,11,406,356,387,362,358,381,338,360,429,0
1192,1,1984,11,1140,1146,1173,1192,1029,1132,1251,1253,1432,0
2,2,1984,11,1,3,5,1,1,0,1,2,0,0
406,0,1984,12,349,406,356,387,362,468,398,326,412,0
1290,1,1984,12,1192,1140,1146,1173,1192,1443,1215,1205,1551,0
3,2,1984,12,2,1,3,5,1,2,1,2,2,0
404,0,1985,1,406,349,406,356,387,374,347,406,441,410
1123,1,1985,1,1290,1192,1140,1146,1173,1144,1280,1348,1546,1414
1,2,1985,1,3,2,1,3,5,5,2,1,0,1
378,0,1985,2,404,406,349,406,356,327,340,361,389,379
1113,1,1985,2,1123,1290,1192,1140,1146,1060,1145,1225,1388,1351
3,2,1985,2,1,3,2,1,3,3,2,1,0,0
388,0,1985,3,378,404,406,349,406,376,396,392,408,406
1125,1,1985,3,1113,1123,1290,1192,1140,1113,1256,1292,1501,1335
1,2,1985,3,3,1,3,2,1,3,1,2,1,2
355,0,1985,4,388,378,404,406,349,386,372,404,388,418
1068,1,1985,4,1125,1113,1123,1290,1192,1083,1227,1268,1383,1342
2,2,1985,4,1,3,1,3,2,4,1,1,0,0
341,0,1985,5,355,388,378,404,406,374,395,400,401,432
1061,1,1985,5,1068,1125,1113,1123,1290,1033,1228,1402,1455,1426
4,2,1985,5,2,1,3,1,3,6,1,1,4,5
370,0,1985,6,341,355,388,378,404,358,345,395,377,434
1115,1,1985,6,1061,1068,1125,1113,1123,1029,1133,1299,1337,1550
1,2,1985,6,4,2,1,3,1,1,1,1,0,7
403,0,1985,7,370,341,355,388,378,362,385,447,419,467
1298,1,1985,7,1115,1061,1068,1125,1113,1192,1344,1380,1508,1711
1,2,1985,7,1,4,2,1,3,1,3,1,3,1
442,0,1985,8,403,370,341,355,388,387,418,393,389,461
1265,1,1985,8,1298,1115,1061,1068,1125,1173,1317,1438,1414,1910
0,2,1985,8,1,1,4,2,1,5,0,1,1,0
389,0,1985,9,442,403,370,341,355,356,397,453,357,427
1141,1,1985,9,1265,1298,1115,1061,1068,1146,1279,1324,1299,1441
0,2,1985,9,0,1,1,4,2,3,3,0,3,1
368,0,1985,10,389,442,403,370,341,406,371,419,372,384
1178,1,1985,10,1141,1265,1298,1115,1061,1140,1235,1281,1275,1551
4,2,1985,10,0,0,1,1,4,1,3,4,1,0
388,0,1985,11,368,389,442,403,370,349,381,338,360,429
1120,1,1985,11,1178,1141,1265,1298,1115,1192,1132,1251,1253,1432
1,2,1985,11,4,0,0,1,1,2,0,1,2,0
364,0,1985,12,388,368,389,442,403,406,468,398,326,412
1168,1,1985,12,1120,1178,1141,1265,1298,1290,1443,1215,1205,1551
3,2,1985,12,1,4,0,0,1,3,2,1,2,2
418,0,1986,1,364,388,368,389,442,404,374,347,406,441
1207,1,1986,1,1168,1120,1178,1141,1265,1123,1144,1280,1348,1546
1,2,1986,1,3,1,4,0,0,1,5,2,1,0
366,0,1986,2,418,364,388,368,389,378,327,340,361,389
1110,1,1986,2,1207,1168,1120,1178,1141,1113,1060,1145,1225,1388
1,2,1986,2,1,3,1,4,0,3,3,2,1,0
401,0,1986,3,366,418,364,388,368,388,376,396,392,408
1331,1,1986,3,1110,1207,1168,1120,1178,1125,1113,1256,1292,1501
4,2,1986,3,1,1,3,1,4,1,3,1,2,1
387,0,1986,4,401,366,418,364,388,355,386,372,404,388
1243,1,1986,4,1331,1110,1207,1168,1120,1068,1083,1227,1268,1383
3,2,1986,4,4,1,1,3,1,2,4,1,1,0
410,0,1986,5,387,401,366,418,364,341,374,395,400,401
1319,1,1986,5,1243,1331,1110,1207,1168,1061,1033,1228,1402,1455
1,2,1986,5,3,4,1,1,3,4,6,1,1,4
405,0,1986,6,410,387,401,366,418,370,358,345,395,377
1306,1,1986,6,1319,1243,1331,1110,1207,1115,1029,1133,1299,1337
1,2,1986,6,1,3,4,1,1,1,1,1,1,0
422,0,1986,7,405,410,387,401,366,403,362,385,447,419
1513,1,1986,7,1306,1319,1243,1331,1110,1298,1192,1344,1380,1508
3,2,1986,7,1,1,3,4,1,1,1,3,1,3
462,0,1986,8,422,405,410,387,401,442,387,418,393,389
1473,1,1986,8,1513,1306,1319,1243,1331,1265,1173,1317,1438,1414
2,2,1986,8,3,1,1,3,4,0,5,0,1,1
443,0,1986,9,462,422,405,410,387,389,356,397,453,357
1420,1,1986,9,1473,1513,1306,1319,1243,1141,1146,1279,1324,1299
3,2,1986,9,2,3,1,1,3,0,3,3,0,3
414,0,1986,10,443,462,422,405,410,368,406,371,419,372
1163,1,1986,10,1420,1473,1513,1306,1319,1178,1140,1235,1281,1275
0,2,1986,10,3,2,3,1,1,4,1,3,4,1
341,0,1986,11,414,443,462,422,405,388,349,381,338,360
1053,1,1986,11,1163,1420,1473,1513,1306,1120,1192,1132,1251,1253
6,2,1986,11,0,3,2,3,1,1,2,0,1,2
393,0,1986,12,341,414,443,462,422,364,406,468,398,326
1096,1,1986,12,1053,1163,1420,1473,1513,1168,1290,1443,1215,1205
4,2,1986,12,6,0,3,2,3,3,3,2,1,2
405,0,1987,1,393,341,414,443,462,418,404,374,347,406
1145,1,1987,1,1096,1053,1163,1420,1473,1207,1123,1144,1280,1348
0,2,1987,1,4,6,0,3,2,1,1,5,2,1
411,0,1987,2,405,393,341,414,443,366,378,327,340,361
1145,1,1987,2,1145,1096,1053,1163,1420,1110,1113,1060,1145,1225
2,2,1987,2,0,4,6,0,3,1,3,3,2,1
423,0,1987,3,411,405,393,341,414,401,388,376,396,392
1173,1,1987,3,1145,1145,1096,1053,1163,1331,1125,1113,1256,1292
0,2,1987,3,2,0,4,6,0,4,1,3,1,2
376,0,1987,4,423,411,405,393,341,387,355,386,372,404
1055,1,1987,4,1173,1145,1145,1096,1053,1243,1068,1083,1227,1268
1,2,1987,4,0,2,0,4,6,3,2,4,1,1
387,0,1987,5,376,423,411,405,393,410,341,374,395,400
1251,1,1987,5,1055,1173,1145,1145,1096,1319,1061,1033,1228,1402
0,2,1987,5,1,0,2,0,4,1,4,6,1,1
406,0,1987,6,387,376,423,411,405,405,370,358,345,395
1168,1,1987,6,1251,1055,1173,1145,1145,1306,1115,1029,1133,1299
4,2,1987,6,0,1,0,2,0,1,1,1,1,1
407,0,1987,7,406,387,376,423,411,422,403,362,385,447
1263,1,1987,7,1168,1251,1055,1173,1145,1513,1298,1192,1344,1380
2,2,1987,7,4,0,1,0,2,3,1,1,3,1
440,0,1987,8,407,406,387,376,423,462,442,387,418,393
1227,1,1987,8,1263,1168,1251,1055,1173,1473,1265,1173,1317,1438
1,2,1987,8,2,4,0,1,0,2,0,5,0,1
389,0,1987,9,440,407,406,387,376,443,389,356,397,453
1130,1,1987,9,1227,1263,1168,1251,1055,1420,1141,1146,1279,1324
1,2,1987,9,1,2,4,0,1,3,0,3,3,0
421,0,1987,10,389,440,407,406,387,414,368,406,371,419
1183,1,1987,10,1130,1227,1263,1168,1251,1163,1178,1140,1235,1281
5,2,1987,10,1,1,2,4,0,0,4,1,3,4
354,0,1987,11,421,389,440,407,406,341,388,349,381,338
1120,1,1987,11,1183,1130,1227,1263,1168,1053,1120,1192,1132,1251
3,2,1987,11,5,1,1,2,4,6,1,2,0,1
381,0,1987,12,354,421,389,440,407,393,364,406,468,398
1103,1,1987,12,1120,1183,1130,1227,1263,1096,1168,1290,1443,1215
1,2,1987,12,3,5,1,1,2,4,3,3,2,1
377,0,1988,1,381,354,421,389,440,405,418,404,374,347
1225,1,1988,1,1103,1120,1183,1130,1227,1145,1207,1123,1144,1280
2,2,1988,1,1,3,5,1,1,0,1,1,5,2
364,0,1988,2,377,381,354,421,389,411,366,378,327,340
1033,1,1988,2,1225,1103,1120,1183,1130,1145,1110,1113,1060,1145
1,2,1988,2,2,1,3,5,1,2,1,3,3,2
387,0,1988,3,364,377,381,354,421,423,401,388,376,396
1136,1,1988,3,1033,1225,1103,1120,1183,1173,1331,1125,1113,1256
2,2,1988,3,1,2,1,3,5,0,4,1,3,1
397,0,1988,4,387,364,377,381,354,376,387,355,386,372
1070,1,1988,4,1136,1033,1225,1103,1120,1055,1243,1068,1083,1227
3,2,1988,4,2,1,2,1,3,1,3,2,4,1
372,0,1988,5,397,387,364,377,381,387,410,341,374,395
1155,1,1988,5,1070,1136,1033,1225,1103,1251,1319,1061,1033,1228
0,2,1988,5,3,2,1,2,1,0,1,4,6,1
354,0,1988,6,372,397,387,364,377,406,405,370,358,345
1087,1,1988,6,1155,1070,1136,1033,1225,1168,1306,1115,1029,1133
1,2,1988,6,0,3,2,1,2,4,1,1,1,1
403,0,1988,7,354,372,397,387,364,407,422,403,362,385
1294,1,1988,7,1087,1155,1070,1136,1033,1263,1513,1298,1192,1344
4,2,1988,7,1,0,3,2,1,2,3,1,1,3
417,0,1988,8,403,354,372,397,387,440,462,442,387,418
1368,1,1988,8,1294,1087,1155,1070,1136,1227,1473,1265,1173,1317
4,2,1988,8,4,1,0,3,2,1,2,0,5,0
381,0,1988,9,417,403,354,372,397,389,443,389,356,397
1298,1,1988,9,1368,1294,1087,1155,1070,1130,1420,1141,1146,1279
4,2,1988,9,4,4,1,0,3,1,3,0,3,3
418,0,1988,10,381,417,403,354,372,421,414,368,406,371
1243,1,1988,10,1298,1368,1294,1087,1155,1183,1163,1178,1140,1235
1,2,1988,10,4,4,4,1,0,5,0,4,1,3
374,0,1988,11,418,381,417,403,354,354,341,388,349,381
1131,1,1988,11,1243,1298,1368,1294,1087,1120,1053,1120,1192,1132
1,2,1988,11,1,4,4,4,1,3,6,1,2,0
378,0,1988,12,374,418,381,417,403,381,393,364,406,468
1093,1,1988,12,1131,1243,1298,1368,1294,1103,1096,1168,1290,1443
1,2,1988,12,1,1,4,4,4,1,4,3,3,2
379,0,1989,1,378,374,418,381,417,377,405,418,404,374
1292,1,1989,1,1093,1131,1243,1298,1368,1225,1145,1207,1123,1144
2,2,1989,1,1,1,1,4,4,2,0,1,1,5
380,0,1989,2,379,378,374,418,381,364,411,366,378,327
1076,1,1989,2,1292,1093,1131,1243,1298,1033,1145,1110,1113,1060
0,2,1989,2,2,1,1,1,4,1,2,1,3,3
370,0,1989,3,380,379,378,374,418,387,423,401,388,376
1228,1,1989,3,1076,1292,1093,1131,1243,1136,1173,1331,1125,1113
2,2,1989,3,0,2,1,1,1,2,0,4,1,3
411,0,1989,4,370,380,379,378,374,397,376,387,355,386
1207,1,1989,4,1228,1076,1292,1093,1131,1070,1055,1243,1068,1083
0,2,1989,4,2,0,2,1,1,3,1,3,2,4
394,0,1989,5,411,370,380,379,378,372,387,410,341,374
1219,1,1989,5,1207,1228,1076,1292,1093,1155,1251,1319,1061,1033
0,2,1989,5,0,2,0,2,1,0,0,1,4,6
367,0,1989,6,394,411,370,380,379,354,406,405,370,358
1286,1,1989,6,1219,1207,1228,1076,1292,1087,1168,1306,1115,1029
0,2,1989,6,0,0,2,0,2,1,4,1,1,1
386,0,1989,7,367,394,411,370,380,403,407,422,403,362
1416,1,1989,7,1286,1219,1207,1228,1076,1294,1263,1513,1298,1192
2,2,1989,7,0,0,0,2,0,4,2,3,1,1
408,0,1989,8,386,367,394,411,370,417,440,462,442,387
1383,1,1989,8,1416,1286,1219,1207,1228,1368,1227,1473,1265,1173
0,2,1989,8,2,0,0,0,2,4,1,2,0,5
391,0,1989,9,408,386,367,394,411,381,389,443,389,356
1399,1,1989,9,1383,1416,1286,1219,1207,1298,1130,1420,1141,1146
0,2,1989,9,0,2,0,0,0,4,1,3,0,3
369,0,1989,10,391,408,386,367,394,418,421,414,368,406
1412,1,1989,10,1399,1383,1416,1286,1219,1243,1183,1163,1178,1140
0,2,1989,10,0,0,2,0,0,1,5,0,4,1
377,0,1989,11,369,391,408,386,367,374,354,341,388,349
1145,1,1989,11,1412,1399,1383,1416,1286,1131,1120,1053,1120,1192
0,2,1989,11,0,0,0,2,0,1,3,6,1,2
349,0,1989,12,377,369,391,408,386,378,381,393,364,406
1217,1,1989,12,1145,1412,1399,1383,1416,1093,1103,1096,1168,1290
1,2,1989,12,0,0,0,0,2,1,1,4,3,3
374,0,1990,1,349,377,369,391,408,379,377,405,418,404
1418,1,1990,1,1217,1145,1412,1399,1383,1292,1225,1145,1207,1123
1,2,1990,1,1,0,0,0,0,2,2,0,1,1
345,0,1990,2,374,349,377,369,391,380,364,411,366,378
1223,1,1990,2,1418,1217,1145,1412,1399,1076,1033,1145,1110,1113
0,2,1990,2,1,1,0,0,0,0,1,2,1,3
401,0,1990,3,345,374,349,377,369,370,387,423,401,388
1327,1,1990,3,1223,1418,1217,1145,1412,1228,1136,1173,1331,1125
4,2,1990,3,0,1,1,0,0,2,2,0,4,1
364,0,1990,4,401,345,374,349,377,411,397,376,387,355
1245,1,1990,4,1327,1223,1418,1217,1145,1207,1070,1055,1243,1068
2,2,1990,4,4,0,1,1,0,0,3,1,3,2
355,0,1990,5,364,401,345,374,349,394,372,387,410,341
1428,1,1990,5,1245,1327,1223,1418,1217,1219,1155,1251,1319,1061
0,2,1990,5,2,4,0,1,1,0,0,0,1,4
357,0,1990,6,355,364,401,345,374,367,354,406,405,370
1522,1,1990,6,1428,1245,1327,1223,1418,1286,1087,1168,1306,1115
0,2,1990,6,0,2,4,0,1,0,1,4,1,1
429,0,1990,7,357,355,364,401,345,386,403,407,422,403
1607,1,1990,7,1522,1428,1245,1327,1223,1416,1294,1263,1513,1298
1,2,1990,7,0,0,2,4,0,2,4,2,3,1
409,0,1990,8,429,357,355,364,401,408,417,440,462,442
1564,1,1990,8,1607,1522,1428,1245,1327,1383,1368,1227,1473,1265
0,2,1990,8,1,0,0,2,4,0,4,1,2,0
403,0,1990,9,409,429,357,355,364,391,381,389,443,389
1555,1,1990,9,1564,1607,1522,1428,1245,1399,1298,1130,1420,1141
3,2,1990,9,0,1,0,0,2,0,4,1,3,0
364,0,1990,10,403,409,429,357,355,369,418,421,414,368
1467,1,1990,10,1555,1564,1607,1522,1428,1412,1243,1183,1163,1178
1,2,1990,10,3,0,1,0,0,0,1,5,0,4
311,0,1990,11,364,403,409,429,357,377,374,354,341,388
1034,1,1990,11,1467,1555,1564,1607,1522,1145,1131,1120,1053,1120
1,2,1990,11,1,3,0,1,0,0,1,3,6,1
400,0,1990,12,311,364,403,409,429,349,378,381,393,364
1326,1,1990,12,1034,1467,1555,1564,1607,1217,1093,1103,1096,1168
5,2,1990,12,1,1,3,0,1,1,1,1,4,3
380,0,1991,1,400,311,364,403,409,374,379,377,405,418
1433,1,1991,1,1326,1034,1467,1555,1564,1418,1292,1225,1145,1207
3,2,1991,1,5,1,1,3,0,1,2,2,0,1
357,0,1991,2,380,400,311,364,403,345,380,364,411,366
1192,1,1991,2,1433,1326,1034,1467,1555,1223,1076,1033,1145,1110
4,2,1991,2,3,5,1,1,3,0,0,1,2,1
383,0,1991,3,357,380,400,311,364,401,370,387,423,401
1316,1,1991,3,1192,1433,1326,1034,1467,1327,1228,1136,1173,1331
1,2,1991,3,4,3,5,1,1,4,2,2,0,4
370,0,1991,4,383,357,380,400,311,364,411,397,376,387
1393,1,1991,4,1316,1192,1433,1326,1034,1245,1207,1070,1055,1243
4,2,1991,4,1,4,3,5,1,2,0,3,1,3
411,0,1991,5,370,383,357,380,400,355,394,372,387,410
1392,1,1991,5,1393,1316,1192,1433,1326,1428,1219,1155,1251,1319
2,2,1991,5,4,1,4,3,5,0,0,0,0,1
388,0,1991,6,411,370,383,357,380,357,367,354,406,405
1527,1,1991,6,1392,1393,1316,1192,1433,1522,1286,1087,1168,1306
4,2,1991,6,2,4,1,4,3,0,0,1,4,1
425,0,1991,7,388,411,370,383,357,429,386,403,407,422
1644,1,1991,7,1527,1392,1393,1316,1192,1607,1416,1294,1263,1513
5,2,1991,7,4,2,4,1,4,1,2,4,2,3
447,0,1991,8,425,388,411,370,383,409,408,417,440,462
1740,1,1991,8,1644,1527,1392,1393,1316,1564,1383,1368,1227,1473
2,2,1991,8,5,4,2,4,1,0,0,4,1,2
419,0,1991,9,447,425,388,411,370,403,391,381,389,443
1576,1,1991,9,1740,1644,1527,1392,1393,1555,1399,1298,1130,1420
1,2,1991,9,2,5,4,2,4,3,0,4,1,3
396,0,1991,10,419,447,425,388,411,364,369,418,421,414
1565,1,1991,10,1576,1740,1644,1527,1392,1467,1412,1243,1183,1163
2,2,1991,10,1,2,5,4,2,1,0,1,5,0
389,0,1991,11,396,419,447,425,388,311,377,374,354,341
1402,1,1991,11,1565,1576,1740,1644,1527,1034,1145,1131,1120,1053
2,2,1991,11,2,1,2,5,4,1,0,1,3,6
465,0,1991,12,389,396,419,447,425,400,349,378,381,393
1616,1,1991,12,1402,1565,1576,1740,1644,1326,1217,1093,1103,1096
1,2,1991,12,2,2,1,2,5,5,1,1,1,4
422,0,1992,1,465,389,396,419,447,380,374,379,377,405
1479,1,1992,1,1616,1402,1565,1576,1740,1433,1418,1292,1225,1145
2,2,1992,1,1,2,2,1,2,3,1,2,2,0
389,0,1992,2,422,465,389,396,419,357,345,380,364,411
1367,1,1992,2,1479,1616,1402,1565,1576,1192,1223,1076,1033,1145
1,2,1992,2,2,1,2,2,1,4,0,0,1,2
401,0,1992,3,389,422,465,389,396,383,401,370,387,423
1482,1,1992,3,1367,1479,1616,1402,1565,1316,1327,1228,1136,1173
1,2,1992,3,1,2,1,2,2,1,4,2,2,0
395,0,1992,4,401,389,422,465,389,370,364,411,397,376
1487,1,1992,4,1482,1367,1479,1616,1402,1393,1245,1207,1070,1055
1,2,1992,4,1,1,2,1,2,4,2,0,3,1
410,0,1992,5,395,401,389,422,465,411,355,394,372,387
1514,1,1992,5,1487,1482,1367,1479,1616,1392,1428,1219,1155,1251
1,2,1992,5,1,1,1,2,1,2,0,0,0,0
373,0,1992,6,410,395,401,389,422,388,357,367,354,406
1462,1,1992,6,1514,1487,1482,1367,1479,1527,1522,1286,1087,1168
2,2,1992,6,1,1,1,1,2,4,0,0,1,4
471,0,1992,7,373,410,395,401,389,425,429,386,403,407
1662,1,1992,7,1462,1514,1487,1482,1367,1644,1607,1416,1294,1263
5,2,1992,7,2,1,1,1,1,5,1,2,4,2
438,0,1992,8,471,373,410,395,401,447,409,408,417,440
1665,1,1992,8,1662,1462,1514,1487,1482,1740,1564,1383,1368,1227
2,2,1992,8,5,2,1,1,1,2,0,0,4,1
430,0,1992,9,438,471,373,410,395,419,403,391,381,389
1562,1,1992,9,1665,1662,1462,1514,1487,1576,1555,1399,1298,1130
1,2,1992,9,2,5,2,1,1,1,3,0,4,1
372,0,1992,10,430,438,471,373,410,396,364,369,418,421
1492,1,1992,10,1562,1665,1662,1462,1514,1565,1467,1412,1243,1183
2,2,1992,10,1,2,5,2,1,2,1,0,1,5
403,0,1992,11,372,430,438,471,373,389,311,377,374,354
1461,1,1992,11,1492,1562,1665,1662,1462,1402,1034,1145,1131,1120
2,2,1992,11,2,1,2,5,2,2,1,0,1,3
576,0,1992,12,403,372,430,438,471,465,400,349,378,381
2050,1,1992,12,1461,1492,1562,1665,1662,1616,1326,1217,1093,1103
10,2,1992,12,2,2,1,2,5,1,5,1,1,1
452,0,1993,1,576,403,372,430,438,422,380,374,379,377
1559,1,1993,1,2050,1461,1492,1562,1665,1479,1433,1418,1292,1225
1,2,1993,1,10,2,2,1,2,2,3,1,2,2
373,0,1993,2,452,576,403,372,430,389,357,345,380,364
1341,1,1993,2,1559,2050,1461,1492,1562,1367,1192,1223,1076,1033
0,2,1993,2,1,10,2,2,1,1,4,0,0,1
438,0,1993,3,373,452,576,403,372,401,383,401,370,387
1467,1,1993,3,1341,1559,2050,1461,1492,1482,1316,1327,1228,1136
2,2,1993,3,0,1,10,2,2,1,1,4,2,2
433,0,1993,4,438,373,452,576,403,395,370,364,411,397
1446,1,1993,4,1467,1341,1559,2050,1461,1487,1393,1245,1207,1070
10,2,1993,4,2,0,1,10,2,1,4,2,0,3
456,0,1993,5,433,438,373,452,576,410,411,355,394,372
1523,1,1993,5,1446,1467,1341,1559,2050,1514,1392,1428,1219,1155
2,2,1993,5,10,2,0,1,10,1,2,0,0,0
485,0,1993,6,456,433,438,373,452,373,388,357,367,354
1592,1,1993,6,1523,1446,1467,1341,1559,1462,1527,1522,1286,1087
4,2,1993,6,2,10,2,0,1,2,4,0,0,1
461,0,1993,7,485,456,433,438,373,471,425,429,386,403
1786,1,1993,7,1592,1523,1446,1467,1341,1662,1644,1607,1416,1294
3,2,1993,7,4,2,10,2,0,5,5,1,2,4
478,0,1993,8,461,485,456,433,438,438,447,409,408,417
1779,1,1993,8,1786,1592,1523,1446,1467,1665,1740,1564,1383,1368
5,2,1993,8,3,4,2,10,2,2,2,0,0,4
430,0,1993,9,478,461,485,456,433,430,419,403,391,381
1599,1,1993,9,1779,1786,1592,1523,1446,1562,1576,1555,1399,1298
4,2,1993,9,5,3,4,2,10,1,1,3,0,4
436,0,1993,10,430,478,461,485,456,372,396,364,369,418
1646,1,1993,10,1599,1779,1786,1592,1523,1492,1565,1467,1412,1243
5,2,1993,10,4,5,3,4,2,2,2,1,0,1
433,0,1993,11,436,430,478,461,485,403,389,311,377,374
1558,1,1993,11,1646,1599,1779,1786,1592,1461,1402,1034,1145,1131
1,2,1993,11,5,4,5,3,4,2,2,1,0,1
474,0,1993,12,433,436,430,478,461,576,465,400,349,378
1649,1,1993,12,1558,1646,1599,1779,1786,2050,1616,1326,1217,1093
4,2,1993,12,1,5,4,5,3,10,1,5,1,1
411,0,1994,1,474,433,436,430,478,452,422,380,374,379
1483,1,1994,1,1649,1558,1646,1599,1779,1559,1479,1433,1418,1292
1,2,1994,1,4,1,5,4,5,1,2,3,1,2
391,0,1994,2,411,474,433,436,430,373,389,357,345,380
1372,1,1994,2,1483,1649,1558,1646,1599,1341,1367,1192,1223,1076
5,2,1994,2,1,4,1,5,4,0,1,4,0,0
420,0,1994,3,391,411,474,433,436,438,401,383,401,370
1610,1,1994,3,1372,1483,1649,1558,1646,1467,1482,1316,1327,1228
2,2,1994,3,5,1,4,1,5,2,1,1,4,2
399,0,1994,4,420,391,411,474,433,433,395,370,364,411
1509,1,1994,4,1610,1372,1483,1649,1558,1446,1487,1393,1245,1207
1,2,1994,4,2,5,1,4,1,10,1,4,2,0
386,0,1994,5,399,420,391,411,474,456,410,411,355,394
1493,1,1994,5,1509,1610,1372,1483,1649,1523,1514,1392,1428,1219
0,2,1994,5,1,2,5,1,4,2,1,2,0,0
393,0,1994,6,386,399,420,391,411,485,373,388,357,367
1525,1,1994,6,1493,1509,1610,1372,1483,1592,1462,1527,1522,1286
2,2,1994,6,0,1,2,5,1,4,2,4,0,0
440,0,1994,7,393,386,399,420,391,461,471,425,429,386
1640,1,1994,7,1525,1493,1509,1610,1372,1786,1662,1644,1607,1416
2,2,1994,7,2,0,1,2,5,3,5,5,1,2
439,0,1994,8,440,393,386,399,420,478,438,447,409,408
1659,1,1994,8,1640,1525,1493,1509,1610,1779,1665,1740,1564,1383
2,2,1994,8,2,2,0,1,2,5,2,2,0,0
409,0,1994,9,439,440,393,386,399,430,430,419,403,391
1512,1,1994,9,1659,1640,1525,1493,1509,1599,1562,1576,1555,1399
2,2,1994,9,2,2,2,0,1,4,1,1,3,0
395,0,1994,10,409,439,440,393,386,436,372,396,364,369
1561,1,1994,10,1512,1659,1640,1525,1493,1646,1492,1565,1467,1412
5,2,1994,10,2,2,2,2,0,5,2,2,1,0
382,0,1994,11,395,409,439,440,393,433,403,389,311,377
1432,1,1994,11,1561,1512,1659,1640,1525,1558,1461,1402,1034,1145
2,2,1994,11,5,2,2,2,2,1,2,2,1,0
385,0,1994,12,382,395,409,439,440,474,576,465,400,349
1573,1,1994,12,1432,1561,1512,1659,1640,1649,2050,1616,1326,1217
3,2,1994,12,2,5,2,2,2,4,10,1,5,1
391,0,1995,1,385,382,395,409,439,411,452,422,380,374
1381,1,1995,1,1573,1432,1561,1512,1659,1483,1559,1479,1433,1418
1,2,1995,1,3,2,5,2,2,1,1,2,3,1
374,0,1995,2,391,385,382,395,409,391,373,389,357,345
1076,1,1995,2,1381,1573,1432,1561,1512,1372,1341,1367,1192,1223
1,2,1995,2,1,3,2,5,2,5,0,1,4,0
392,0,1995,3,374,391,385,382,395,420,438,401,383,401
1262,1,1995,3,1076,1381,1573,1432,1561,1610,1467,1482,1316,1327
1,2,1995,3,1,1,3,2,5,2,2,1,1,4
469,0,1995,4,392,374,391,385,382,399,433,395,370,364
1281,1,1995,4,1262,1076,1381,1573,1432,1509,1446,1487,1393,1245
1,2,1995,4,1,1,1,3,2,1,10,1,4,2
369,0,1995,5,469,392,374,391,385,386,456,410,411,355
1341,1,1995,5,1281,1262,1076,1381,1573,1493,1523,1514,1392,1428
0,2,1995,5,1,1,1,1,3,0,2,1,2,0
392,0,1995,6,369,469,392,374,391,393,485,373,388,357
1349,1,1995,6,1341,1281,1262,1076,1381,1525,1592,1462,1527,1522
5,2,1995,6,0,1,1,1,1,2,4,2,4,0
395,0,1995,7,392,369,469,392,374,440,461,471,425,429
1463,1,1995,7,1349,1341,1281,1262,1076,1640,1786,1662,1644,1607
2,2,1995,7,5,0,1,1,1,2,3,5,5,1
475,0,1995,8,395,392,369,469,392,439,478,438,447,409
1620,1,1995,8,1463,1349,1341,1281,1262,1659,1779,1665,1740,1564
5,2,1995,8,2,5,0,1,1,2,5,2,2,0
372,0,1995,9,475,395,392,369,469,409,430,430,419,403
1406,1,1995,9,1620,1463,1349,1341,1281,1512,1599,1562,1576,1555
2,2,1995,9,5,2,5,0,1,2,4,1,1,3
381,0,1995,10,372,475,395,392,369,395,436,372,396,364
1463,1,1995,10,1406,1620,1463,1349,1341,1561,1646,1492,1565,1467
7,2,1995,10,2,5,2,5,0,5,5,2,2,1
351,0,1995,11,381,372,475,395,392,382,433,403,389,311
1314,1,1995,11,1463,1406,1620,1463,1349,1432,1558,1461,1402,1034
4,2,1995,11,7,2,5,2,5,2,1,2,2,1
433,0,1995,12,351,381,372,475,395,385,474,576,465,400
1396,1,1995,12,1314,1463,1406,1620,1463,1573,1649,2050,1616,1326
4,2,1995,12,4,7,2,5,2,3,4,10,1,5
381,0,1996,1,433,351,381,372,475,391,411,452,422,380
1287,1,1996,1,1396,1314,1463,1406,1620,1381,1483,1559,1479,1433
3,2,1996,1,4,4,7,2,5,1,1,1,2,3
358,0,1996,2,381,433,351,381,372,374,391,373,389,357
1101,1,1996,2,1287,1396,1314,1463,1406,1076,1372,1341,1367,1192
5,2,1996,2,3,4,4,7,2,1,5,0,1,4
368,0,1996,3,358,381,433,351,381,392,420,438,401,383
1061,1,1996,3,1101,1287,1396,1314,1463,1262,1610,1467,1482,1316
6,2,1996,3,5,3,4,4,7,1,2,2,1,1
332,0,1996,4,368,358,381,433,351,469,399,433,395,370
1091,1,1996,4,1061,1101,1287,1396,1314,1281,1509,1446,1487,1393
1,2,1996,4,6,5,3,4,4,1,1,10,1,4
340,0,1996,5,332,368,358,381,433,369,386,456,410,411
1206,1,1996,5,1091,1061,1101,1287,1396,1341,1493,1523,1514,1392
0,2,1996,5,1,6,5,3,4,0,0,2,1,2
345,0,1996,6,340,332,368,358,381,392,393,485,373,388
1278,1,1996,6,1206,1091,1061,1101,1287,1349,1525,1592,1462,1527
1,2,1996,6,0,1,6,5,3,5,2,4,2,4
347,0,1996,7,345,340,332,368,358,395,440,461,471,425
1320,1,1996,7,1278,1206,1091,1061,1101,1463,1640,1786,1662,1644
1,2,1996,7,1,0,1,6,5,2,2,3,5,5
355,0,1996,8,347,345,340,332,368,475,439,478,438,447
1295,1,1996,8,1320,1278,1206,1091,1061,1620,1659,1779,1665,1740
2,2,1996,8,1,1,0,1,6,5,2,5,2,2
321,0,1996,9,355,347,345,340,332,372,409,430,430,419
1180,1,1996,9,1295,1320,1278,1206,1091,1406,1512,1599,1562,1576
2,2,1996,9,2,1,1,0,1,2,2,4,1,1
333,0,1996,10,321,355,347,345,340,381,395,436,372,396
1204,1,1996,10,1180,1295,1320,1278,1206,1463,1561,1646,1492,1565
1,2,1996,10,2,2,1,1,0,7,5,5,2,2
314,0,1996,11,333,321,355,347,345,351,382,433,403,389
1171,1,1996,11,1204,1180,1295,1320,1278,1314,1432,1558,1461,1402
1,2,1996,11,1,2,2,1,1,4,2,1,2,2
459,0,1996,12,314,333,321,355,347,433,385,474,576,465
1496,1,1996,12,1171,1204,1180,1295,1320,1396,1573,1649,2050,1616
3,2,1996,12,1,1,2,2,1,4,3,4,10,1
330,0,1997,1,459,314,333,321,355,381,391,411,452,422
1238,1,1997,1,1496,1171,1204,1180,1295,1287,1381,1483,1559,1479
2,2,1997,1,3,1,1,2,2,3,1,1,1,2
295,0,1997,2,330,459,314,333,321,358,374,391,373,389
990,1,1997,2,1238,1496,1171,1204,1180,1101,1076,1372,1341,1367
0,2,1997,2,2,3,1,1,2,5,1,5,0,1
350,0,1997,3,295,330,459,314,333,368,392,420,438,401
1166,1,1997,3,990,1238,1496,1171,1204,1061,1262,1610,1467,1482
0,2,1997,3,0,2,3,1,1,6,1,2,2,1
291,0,1997,4,350,295,330,459,314,332,469,399,433,395
1081,1,1997,4,1166,990,1238,1496,1171,1091,1281,1509,1446,1487
2,2,1997,4,0,0,2,3,1,1,1,1,10,1
350,0,1997,5,291,350,295,330,459,340,369,386,456,410
1094,1,1997,5,1081,1166,990,1238,1496,1206,1341,1493,1523,1514
0,2,1997,5,2,0,0,2,3,0,0,0,2,1
362,0,1997,6,350,291,350,295,330,345,392,393,485,373
1175,1,1997,6,1094,1081,1166,990,1238,1278,1349,1525,1592,1462
2,2,1997,6,0,2,0,0,2,1,5,2,4,2
333,0,1997,7,362,350,291,350,295,347,395,440,461,471
1241,1,1997,7,1175,1094,1081,1166,990,1320,1463,1640,1786,1662
1,2,1997,7,2,0,2,0,0,1,2,2,3,5
339,0,1997,8,333,362,350,291,350,355,475,439,478,438
1213,1,1997,8,1241,1175,1094,1081,1166,1295,1620,1659,1779,1665
4,2,1997,8,1,2,0,2,0,2,5,2,5,2
318,0,1997,9,339,333,362,350,291,321,372,409,430,430
1138,1,1997,9,1213,1241,1175,1094,1081,1180,1406,1512,1599,1562
8,2,1997,9,4,1,2,0,2,2,2,2,4,1
317,0,1997,10,318,339,333,362,350,333,381,395,436,372
1194,1,1997,10,1138,1213,1241,1175,1094,1204,1463,1561,1646,1492
1,2,1997,10,8,4,1,2,0,1,7,5,5,2
310,0,1997,11,317,318,339,333,362,314,351,382,433,403
1110,1,1997,11,1194,1138,1213,1241,1175,1171,1314,1432,1558,1461
4,2,1997,11,1,8,4,1,2,1,4,2,1,2
342,0,1997,12,310,317,318,339,333,459,433,385,474,576
1190,1,1997,12,1110,1194,1138,1213,1241,1496,1396,1573,1649,2050
3,2,1997,12,4,1,8,4,1,3,4,3,4,10
334,0,1998,1,342,310,317,318,339,330,381,391,411,452
1141,1,1998,1,1190,1110,1194,1138,1213,1238,1287,1381,1483,1559
6,2,1998,1,3,4,1,8,4,2,3,1,1,1
302,0,1998,2,334,342,310,317,318,295,358,374,391,373
868,1,1998,2,1141,1190,1110,1194,1138,990,1101,1076,1372,1341
6,2,1998,2,6,3,4,1,8,0,5,1,5,0
342,0,1998,3,302,334,342,310,317,350,368,392,420,438
1007,1,1998,3,868,1141,1190,1110,1194,1166,1061,1262,1610,1467
2,2,1998,3,6,6,3,4,1,0,6,1,2,2
322,0,1998,4,342,302,334,342,310,291,332,469,399,433
944,1,1998,4,1007,868,1141,1190,1110,1081,1091,1281,1509,1446
6,2,1998,4,2,6,6,3,4,2,1,1,1,10
335,0,1998,5,322,342,302,334,342,350,340,369,386,456
1008,1,1998,5,944,1007,868,1141,1190,1094,1206,1341,1493,1523
5,2,1998,5,6,2,6,6,3,0,0,0,0,2
307,0,1998,6,335,322,342,302,334,362,345,392,393,485
1020,1,1998,6,1008,944,1007,868,1141,1175,1278,1349,1525,1592
4,2,1998,6,5,6,2,6,6,2,1,5,2,4
318,0,1998,7,307,335,322,342,302,333,347,395,440,461
1048,1,1998,7,1020,1008,944,1007,868,1241,1320,1463,1640,1786
15,2,1998,7,4,5,6,2,6,1,1,2,2,3
302,0,1998,8,318,307,335,322,342,339,355,475,439,478
1110,1,1998,8,1048,1020,1008,944,1007,1213,1295,1620,1659,1779
3,2,1998,8,15,4,5,6,2,4,2,5,2,5
312,0,1998,9,302,318,307,335,322,318,321,372,409,430
997,1,1998,9,1110,1048,1020,1008,944,1138,1180,1406,1512,1599
6,2,1998,9,3,15,4,5,6,8,2,2,2,4
318,0,1998,10,312,302,318,307,335,317,333,381,395,436
989,1,1998,10,997,1110,1048,1020,1008,1194,1204,1463,1561,1646
4,2,1998,10,6,3,15,4,5,1,1,7,5,5
294,0,1998,11,318,312,302,318,307,310,314,351,382,433
914,1,1998,11,989,997,1110,1048,1020,1110,1171,1314,1432,1558
5,2,1998,11,4,6,3,15,4,4,1,4,2,1
355,0,1998,12,294,318,312,302,318,342,459,433,385,474
1107,1,1998,12,914,989,997,1110,1048,1190,1496,1396,1573,1649
5,2,1998,12,5,4,6,3,15,3,3,4,3,4
310,0,1999,1,355,294,318,312,302,334,330,381,391,411
975,1,1999,1,1107,914,989,997,1110,1141,1238,1287,1381,1483
0,2,1999,1,5,5,4,6,3,6,2,3,1,1
260,0,1999,2,310,355,294,318,312,302,295,358,374,391
799,1,1999,2,975,1107,914,989,997,868,990,1101,1076,1372
4,2,1999,2,0,5,5,4,6,6,0,5,1,5
276,0,1999,3,260,310,355,294,318,342,350,368,392,420
827,1,1999,3,799,975,1107,914,989,1007,1166,1061,1262,1610
2,2,1999,3,4,0,5,5,4,2,0,6,1,2
280,0,1999,4,276,260,310,355,294,322,291,332,469,399
849,1,1999,4,827,799,975,1107,914,944,1081,1091,1281,1509
0,2,1999,4,2,4,0,5,5,6,2,1,1,1
303,0,1999,5,280,276,260,310,355,335,350,340,369,386
927,1,1999,5,849,827,799,975,1107,1008,1094,1206,1341,1493
3,2,1999,5,0,2,4,0,5,5,0,0,0,0
266,0,1999,6,303,280,276,260,310,307,362,345,392,393
937,1,1999,6,927,849,827,799,975,1020,1175,1278,1349,1525
2,2,1999,6,3,0,2,4,0,4,2,1,5,2
327,0,1999,7,266,303,280,276,260,318,333,347,395,440
1021,1,1999,7,937,927,849,827,799,1048,1241,1320,1463,1640
1,2,1999,7,2,3,0,2,4,15,1,1,2,2
321,0,1999,8,327,266,303,280,276,302,339,355,475,439
996,1,1999,8,1021,937,927,849,827,1110,1213,1295,1620,1659
1,2,1999,8,1,2,3,0,2,3,4,2,5,2
312,0,1999,9,321,327,266,303,280,312,318,321,372,409
975,1,1999,9,996,1021,937,927,849,997,1138,1180,1406,1512
0,2,1999,9,1,1,2,3,0,6,8,2,2,2
281,0,1999,10,312,321,327,266,303,318,317,333,381,395
928,1,1999,10,975,996,1021,937,927,989,1194,1204,1463,1561
0,2,1999,10,0,1,1,2,3,4,1,1,7,5
269,0,1999,11,281,312,321,327,266,294,310,314,351,382
874,1,1999,11,928,975,996,1021,937,914,1110,1171,1314,1432
0,2,1999,11,0,0,1,1,2,5,4,1,4,2
294,0,1999,12,269,281,312,321,327,355,342,459,433,385
997,1,1999,12,874,928,975,996,1021,1107,1190,1496,1396,1573
4,2,1999,12,0,0,0,1,1,5,3,3,4,3
281,0,2000,1,294,269,281,312,321,310,334,330,381,391
954,1,2000,1,997,874,928,975,996,975,1141,1238,1287,1381
3,2,2000,1,4,0,0,0,1,0,6,2,3,1
281,0,2000,2,281,294,269,281,312,260,302,295,358,374
790,1,2000,2,954,997,874,928,975,799,868,990,1101,1076
3,2,2000,2,3,4,0,0,0,4,6,0,5,1
272,0,2000,3,281,281,294,269,281,276,342,350,368,392
830,1,2000,3,790,954,997,874,928,827,1007,1166,1061,1262
2,2,2000,3,3,3,4,0,0,2,2,0,6,1
259,0,2000,4,272,281,281,294,269,280,322,291,332,469
855,1,2000,4,830,790,954,997,874,849,944,1081,1091,1281
0,2,2000,4,2,3,3,4,0,0,6,2,1,1
276,0,2000,5,259,272,281,281,294,303,335,350,340,369
952,1,2000,5,855,830,790,954,997,927,1008,1094,1206,1341
0,2,2000,5,0,2,3,3,4,3,5,0,0,0
311,0,2000,6,276,259,272,281,281,266,307,362,345,392
902,1,2000,6,952,855,830,790,954,937,1020,1175,1278,1349
1,2,2000,6,0,0,2,3,3,2,4,2,1,5
307,0,2000,7,311,276,259,272,281,327,318,333,347,395
1035,1,2000,7,902,952,855,830,790,1021,1048,1241,1320,1463
0,2,2000,7,1,0,0,2,3,1,15,1,1,2
290,0,2000,8,307,311,276,259,272,321,302,339,355,475
1034,1,2000,8,1035,902,952,855,830,996,1110,1213,1295,1620
3,2,2000,8,0,1,0,0,2,1,3,4,2,5
274,0,2000,9,290,307,311,276,259,312,312,318,321,372
923,1,2000,9,1034,1035,902,952,855,975,997,1138,1180,1406
3,2,2000,9,3,0,1,0,0,0,6,8,2,2
276,0,2000,10,274,290,307,311,276,281,318,317,333,381
955,1,2000,10,923,1034,1035,902,952,928,989,1194,1204,1463
0,2,2000,10,3,3,0,1,0,0,4,1,1,7
260,0,2000,11,276,274,290,307,311,269,294,310,314,351
837,1,2000,11,955,923,1034,1035,902,874,914,1110,1171,1314
3,2,2000,11,0,3,3,0,1,0,5,4,1,4
344,0,2000,12,260,276,274,290,307,294,355,342,459,433
1144,1,2000,12,837,955,923,1034,1035,997,1107,1190,1496,1396
11,2,2000,12,3,0,3,3,0,4,5,3,3,4
329,0,2001,1,344,260,276,274,290,281,310,334,330,381
952,1,2001,1,1144,837,955,923,1034,954,975,1141,1238,1287
2,2,2001,1,11,3,0,3,3,3,0,6,2,3
260,0,2001,2,329,344,260,276,274,281,260,302,295,358
765,1,2001,2,952,1144,837,955,923,790,799,868,990,1101
1,2,2001,2,2,11,3,0,3,3,4,6,0,5
282,0,2001,3,260,329,344,260,276,272,276,342,350,368
869,1,2001,3,765,952,1144,837,955,830,827,1007,1166,1061
4,2,2001,3,1,2,11,3,0,2,2,2,0,6
330,0,2001,4,282,260,329,344,260,259,280,322,291,332
934,1,2001,4,869,765,952,1144,837,855,849,944,1081,1091
4,2,2001,4,4,1,2,11,3,0,0,6,2,1
285,0,2001,5,330,282,260,329,344,276,303,335,350,340
1034,1,2001,5,934,869,765,952,1144,952,927,1008,1094,1206
1,2,2001,5,4,4,1,2,11,0,3,5,0,0
300,0,2001,6,285,330,282,260,329,311,266,307,362,345
1047,1,2001,6,1034,934,869,765,952,902,937,1020,1175,1278
2,2,2001,6,1,4,4,1,2,1,2,4,2,1
341,0,2001,7,300,285,330,282,260,307,327,318,333,347
1115,1,2001,7,1047,1034,934,869,765,1035,1021,1048,1241,1320
2,2,2001,7,2,1,4,4,1,0,1,15,1,1
304,0,2001,8,341,300,285,330,282,290,321,302,339,355
1086,1,2001,8,1115,1047,1034,934,869,1034,996,1110,1213,1295
3,2,2001,8,2,2,1,4,4,3,1,3,4,2
306,0,2001,9,304,341,300,285,330,274,312,312,318,321
1014,1,2001,9,1086,1115,1047,1034,934,923,975,997,1138,1180
2,2,2001,9,3,2,2,1,4,3,0,6,8,2
304,0,2001,10,306,304,341,300,285,276,281,318,317,333
1138,1,2001,10,1014,1086,1115,1047,1034,955,928,989,1194,1204
5,2,2001,10,2,3,2,2,1,0,0,4,1,1
296,0,2001,11,304,306,304,341,300,260,269,294,310,314
992,1,2001,11,1138,1014,1086,1115,1047,837,874,914,1110,1171
1,2,2001,11,5,2,3,2,2,3,0,5,4,1
335,0,2001,12,296,304,306,304,341,344,294,355,342,459
1156,1,2001,12,992,1138,1014,1086,1115,1144,997,1107,1190,1496
2,2,2001,12,1,5,2,3,2,11,4,5,3,3
317,0,2002,1,335,296,304,306,304,329,281,310,334,330
1007,1,2002,1,1156,992,1138,1014,1086,952,954,975,1141,1238
1,2,2002,1,2,1,5,2,3,2,3,0,6,2
284,0,2002,2,317,335,296,304,306,260,281,260,302,295
838,1,2002,2,1007,1156,992,1138,1014,765,790,799,868,990
2,2,2002,2,1,2,1,5,2,1,3,4,6,0
309,0,2002,3,284,317,335,296,304,282,272,276,342,350
970,1,2002,3,838,1007,1156,992,1138,869,830,827,1007,1166
3,2,2002,3,2,1,2,1,5,4,2,2,2,0
286,0,2002,4,309,284,317,335,296,330,259,280,322,291
983,1,2002,4,970,838,1007,1156,992,934,855,849,944,1081
4,2,2002,4,3,2,1,2,1,4,0,0,6,2
286,0,2002,5,286,309,284,317,335,285,276,303,335,350
1053,1,2002,5,983,970,838,1007,1156,1034,952,927,1008,1094
0,2,2002,5,4,3,2,1,2,1,0,3,5,0
276,0,2002,6,286,286,309,284,317,300,311,266,307,362
1051,1,2002,6,1053,983,970,838,1007,1047,902,937,1020,1175
2,2,2002,6,0,4,3,2,1,2,1,2,4,2
336,0,2002,7,276,286,286,309,284,341,307,327,318,333
1177,1,2002,7,1051,1053,983,970,838,1115,1035,1021,1048,1241
2,2,2002,7,2,0,4,3,2,2,0,1,15,1
327,0,2002,8,336,276,286,286,309,304,290,321,302,339
1149,1,2002,8,1177,1051,1053,983,970,1086,1034,996,1110,1213
1,2,2002,8,2,2,0,4,3,3,3,1,3,4
338,0,2002,9,327,336,276,286,286,306,274,312,312,318
1213,1,2002,9,1149,1177,1051,1053,983,1014,923,975,997,1138
3,2,2002,9,1,2,2,0,4,2,3,0,6,8
307,0,2002,10,338,327,336,276,286,304,276,281,318,317
1078,1,2002,10,1213,1149,1177,1051,1053,1138,955,928,989,1194
0,2,2002,10,3,1,2,2,0,5,0,0,4,1
279,0,2002,11,307,338,327,336,276,296,260,269,294,310
992,1,2002,11,1078,1213,1149,1177,1051,992,837,874,914,1110
2,2,2002,11,0,3,1,2,2,1,3,0,5,4
317,0,2002,12,279,307,338,327,336,335,344,294,355,342
1067,1,2002,12,992,1078,1213,1149,1177,1156,1144,997,1107,1190
8,2,2002,12,2,0,3,1,2,2,11,4,5,3
291,0,2003,1,317,279,307,338,327,317,329,281,310,334
973,1,2003,1,1067,992,1078,1213,1149,1007,952,954,975,1141
3,2,2003,1,8,2,0,3,1,1,2,3,0,6
271,0,2003,2,291,317,279,307,338,284,260,281,260,302
888,1,2003,2,973,1067,992,1078,1213,838,765,790,799,868
2,2,2003,2,3,8,2,0,3,2,1,3,4,6
306,0,2003,3,271,291,317,279,307,309,282,272,276,342
1046,1,2003,3,888,973,1067,992,1078,970,869,830,827,1007
1,2,2003,3,2,3,8,2,0,3,4,2,2,2
308,0,2003,4,306,271,291,317,279,286,330,259,280,322
1065,1,2003,4,1046,888,973,1067,992,983,934,855,849,944
2,2,2003,4,1,2,3,8,2,4,4,0,0,6
311,0,2003,5,308,306,271,291,317,286,285,276,303,335
1101,1,2003,5,1065,1046,888,973,1067,1053,1034,952,927,1008
4,2,2003,5,2,1,2,3,8,0,1,0,3,5
296,0,2003,6,311,308,306,271,291,276,300,311,266,307
1112,1,2003,6,1101,1065,1046,888,973,1051,1047,902,937,1020
5,2,2003,6,4,2,1,2,3,2,2,1,2,4
328,0,2003,7,296,311,308,306,271,336,341,307,327,318
1195,1,2003,7,1112,1101,1065,1046,888,1177,1115,1035,1021,1048
2,2,2003,7,5,4,2,1,2,2,2,0,1,15
309,0,2003,8,328,296,311,308,306,327,304,290,321,302
1187,1,2003,8,1195,1112,1101,1065,1046,1149,1086,1034,996,1110
2,2,2003,8,2,5,4,2,1,1,3,3,1,3
322,0,2003,9,309,328,296,311,308,338,306,274,312,312
1091,1,2003,9,1187,1195,1112,1101,1065,1213,1014,923,975,997
1,2,2003,9,2,2,5,4,2,3,2,3,0,6
278,0,2003,10,322,309,328,296,311,307,304,276,281,318
1077,1,2003,10,1091,1187,1195,1112,1101,1078,1138,955,928,989
3,2,2003,10,1,2,2,5,4,0,5,0,0,4
272,0,2003,11,278,322,309,328,296,279,296,260,269,294
996,1,2003,11,1077,1091,1187,1195,1112,992,992,837,874,914
3,2,2003,11,3,1,2,2,5,2,1,3,0,5
300,0,2003,12,272,278,322,309,328,317,335,344,294,355
1159,1,2003,12,996,1077,1091,1187,1195,1067,1156,1144,997,1107
2,2,2003,12,3,3,1,2,2,8,2,11,4,5
276,0,2004,1,300,272,278,322,309,291,317,329,281,310
1033,1,2004,1,1159,996,1077,1091,1187,973,1007,952,954,975
4,2,2004,1,2,3,3,1,2,3,1,2,3,0
267,0,2004,2,276,300,272,278,322,271,284,260,281,260
866,1,2004,2,1033,1159,996,1077,1091,888,838,765,790,799
2,2,2004,2,4,2,3,3,1,2,2,1,3,4
299,0,2004,3,267,276,300,272,278,306,309,282,272,276
1039,1,2004,3,866,1033,1159,996,1077,1046,970,869,830,827
4,2,2004,3,2,4,2,3,3,1,3,4,2,2
291,0,2004,4,299,267,276,300,272,308,286,330,259,280
1041,1,2004,4,1039,866,1033,1159,996,1065,983,934,855,849
3,2,2004,4,4,2,4,2,3,2,4,4,0,0
308,0,2004,5,291,299,267,276,300,311,286,285,276,303
1088,1,2004,5,1041,1039,866,1033,1159,1101,1053,1034,952,927
3,2,2004,5,3,4,2,4,2,4,0,1,0,3
318,0,2004,6,308,291,299,267,276,296,276,300,311,266
1029,1,2004,6,1088,1041,1039,866,1033,1112,1051,1047,902,937
7,2,2004,6,3,3,4,2,4,5,2,2,1,2
287,0,2004,7,318,308,291,299,267,328,336,341,307,327
1251,1,2004,7,1029,1088,1041,1039,866,1195,1177,1115,1035,1021
1,2,2004,7,7,3,3,4,2,2,2,2,0,1
311,0,2004,8,287,318,308,291,299,309,327,304,290,321
1175,1,2004,8,1251,1029,1088,1041,1039,1187,1149,1086,1034,996
4,2,2004,8,1,7,3,3,4,2,1,3,3,1
305,0,2004,9,311,287,318,308,291,322,338,306,274,312
1100,1,2004,9,1175,1251,1029,1088,1041,1091,1213,1014,923,975
4,2,2004,9,4,1,7,3,3,1,3,2,3,0
302,0,2004,10,305,311,287,318,308,278,307,304,276,281
1024,1,2004,10,1100,1175,1251,1029,1088,1077,1078,1138,955,928
5,2,2004,10,4,4,1,7,3,3,0,5,0,0
258,0,2004,11,302,305,311,287,318,272,279,296,260,269
1007,1,2004,11,1024,1100,1175,1251,1029,996,992,992,837,874
2,2,2004,11,5,4,4,1,7,3,2,1,3,0
285,0,2004,12,258,302,305,311,287,300,317,335,344,294
1033,1,2004,12,1007,1024,1100,1175,1251,1159,1067,1156,1144,997
1,2,2004,12,2,5,4,4,1,2,8,2,11,4
257,0,2005,1,285,258,302,305,311,276,291,317,329,281
1033,1,2005,1,1033,1007,1024,1100,1175,1033,973,1007,952,954
4,2,2005,1,1,2,5,4,4,4,3,1,2,3
272,0,2005,2,257,285,258,302,305,267,271,284,260,281
892,1,2005,2,1033,1033,1007,1024,1100,866,888,838,765,790
0,2,2005,2,4,1,2,5,4,2,2,2,1,3
291,0,2005,3,272,257,285,258,302,299,306,309,282,272
1020,1,2005,3,892,1033,1033,1007,1024,1039,1046,970,869,830
3,2,2005,3,0,4,1,2,5,4,1,3,4,2
285,0,2005,4,291,272,257,285,258,291,308,286,330,259
1018,1,2005,4,1020,892,1033,1033,1007,1041,1065,983,934,855
3,2,2005,4,3,0,4,1,2,3,2,4,4,0
303,0,2005,5,285,291,272,257,285,308,311,286,285,276
1179,1,2005,5,1018,1020,892,1033,1033,1088,1101,1053,1034,952
3,2,2005,5,3,3,0,4,1,3,4,0,1,0
323,0,2005,6,303,285,291,272,257,318,296,276,300,311
1186,1,2005,6,1179,1018,1020,892,1033,1029,1112,1051,1047,902
1,2,2005,6,3,3,3,0,4,7,5,2,2,1
314,0,2005,7,323,303,285,291,272,287,328,336,341,307
1304,1,2005,7,1186,1179,1018,1020,892,1251,1195,1177,1115,1035
2,2,2005,7,1,3,3,3,0,1,2,2,2,0
317,0,2005,8,314,323,303,285,291,311,309,327,304,290
1252,1,2005,8,1304,1186,1179,1018,1020,1175,1187,1149,1086,1034
3,2,2005,8,2,1,3,3,3,4,2,1,3,3
303,0,2005,9,317,314,323,303,285,305,322,338,306,274
1045,1,2005,9,1252,1304,1186,1179,1018,1100,1091,1213,1014,923
3,2,2005,9,3,2,1,3,3,4,1,3,2,3
264,0,2005,10,303,317,314,323,303,302,278,307,304,276
1178,1,2005,10,1045,1252,1304,1186,1179,1024,1077,1078,1138,955
1,2,2005,10,3,3,2,1,3,5,3,0,5,0
282,0,2005,11,264,303,317,314,323,258,272,279,296,260
1048,1,2005,11,1178,1045,1252,1304,1186,1007,996,992,992,837
8,2,2005,11,1,3,3,2,1,2,3,2,1,3
286,0,2005,12,282,264,303,317,314,285,300,317,335,344
1151,1,2005,12,1048,1178,1045,1252,1304,1033,1159,1067,1156,1144
2,2,2005,12,8,1,3,3,2,1,2,8,2,11
297,0,2006,1,286,282,264,303,317,257,276,291,317,329
1114,1,2006,1,1151,1048,1178,1045,1252,1033,1033,973,1007,952
3,2,2006,1,2,8,1,3,3,4,4,3,1,2
235,0,2006,2,297,286,282,264,303,272,267,271,284,260
879,1,2006,2,1114,1151,1048,1178,1045,892,866,888,838,765
3,2,2006,2,3,2,8,1,3,0,2,2,2,1
274,0,2006,3,235,297,286,282,264,291,299,306,309,282
1022,1,2006,3,879,1114,1151,1048,1178,1020,1039,1046,970,869
5,2,2006,3,3,3,2,8,1,3,4,1,3,4
295,0,2006,4,274,235,297,286,282,285,291,308,286,330
1096,1,2006,4,1022,879,1114,1151,1048,1018,1041,1065,983,934
5,2,2006,4,5,3,3,2,8,3,3,2,4,4
306,0,2006,5,295,274,235,297,286,303,308,311,286,285
1143,1,2006,5,1096,1022,879,1114,1151,1179,1088,1101,1053,1034
1,2,2006,5,5,5,3,3,2,3,3,4,0,1
288,0,2006,6,306,295,274,235,297,323,318,296,276,300
1223,1,2006,6,1143,1096,1022,879,1114,1186,1029,1112,1051,1047
4,2,2006,6,1,5,5,3,3,1,7,5,2,2
332,0,2006,7,288,306,295,274,235,314,287,328,336,341
1334,1,2006,7,1223,1143,1096,1022,879,1304,1251,1195,1177,1115
3,2,2006,7,4,1,5,5,3,2,1,2,2,2
328,0,2006,8,332,288,306,295,274,317,311,309,327,304
1130,1,2006,8,1334,1223,1143,1096,1022,1252,1175,1187,1149,1086
5,2,2006,8,3,4,1,5,5,3,4,2,1,3
306,0,2006,9,328,332,288,306,295,303,305,322,338,306
1175,1,2006,9,1130,1334,1223,1143,1096,1045,1100,1091,1213,1014
2,2,2006,9,5,3,4,1,5,3,4,1,3,2
292,0,2006,10,306,328,332,288,306,264,302,278,307,304
1203,1,2006,10,1175,1130,1334,1223,1143,1178,1024,1077,1078,1138
4,2,2006,10,2,5,3,4,1,1,5,3,0,5
294,0,2006,11,292,306,328,332,288,282,258,272,279,296
1114,1,2006,11,1203,1175,1130,1334,1223,1048,1007,996,992,992
4,2,2006,11,4,2,5,3,4,8,2,3,2,1
332,0,2006,12,294,292,306,328,332,286,285,300,317,335
1222,1,2006,12,1114,1203,1175,1130,1334,1151,1033,1159,1067,1156
2,2,2006,12,4,4,2,5,3,2,1,2,8,2
313,0,2007,1,332,294,292,306,328,297,257,276,291,317
1105,1,2007,1,1222,1114,1203,1175,1130,1114,1033,1033,973,1007
0,2,2007,1,2,4,4,2,5,3,4,4,3,1
249,0,2007,2,313,332,294,292,306,235,272,267,271,284
873,1,2007,2,1105,1222,1114,1203,1175,879,892,866,888,838
1,2,2007,2,0,2,4,4,2,3,0,2,2,2
273,0,2007,3,249,313,332,294,292,274,291,299,306,309
1123,1,2007,3,873,1105,1222,1114,1203,1022,1020,1039,1046,970
1,2,2007,3,1,0,2,4,4,5,3,4,1,3
301,0,2007,4,273,249,313,332,294,295,285,291,308,286
1142,1,2007,4,1123,873,1105,1222,1114,1096,1018,1041,1065,983
6,2,2007,4,1,1,0,2,4,5,3,3,2,4
314,0,2007,5,301,273,249,313,332,306,303,308,311,286
1129,1,2007,5,1142,1123,873,1105,1222,1143,1179,1088,1101,1053
4,2,2007,5,6,1,1,0,2,1,3,3,4,0
332,0,2007,6,314,301,273,249,313,288,323,318,296,276
1272,1,2007,6,1129,1142,1123,873,1105,1223,1186,1029,1112,1051
5,2,2007,6,4,6,1,1,0,4,1,7,5,2
317,0,2007,7,332,314,301,273,249,332,314,287,328,336
1320,1,2007,7,1272,1129,1142,1123,873,1334,1304,1251,1195,1177
3,2,2007,7,5,4,6,1,1,3,2,1,2,2
324,0,2007,8,317,332,314,301,273,328,317,311,309,327
1250,1,2007,8,1320,1272,1129,1142,1123,1130,1252,1175,1187,1149
0,2,2007,8,3,5,4,6,1,5,3,4,2,1
316,0,2007,9,324,317,332,314,301,306,303,305,322,338
1127,1,2007,9,1250,1320,1272,1129,1142,1175,1045,1100,1091,1213
7,2,2007,9,0,3,5,4,6,2,3,4,1,3
293,0,2007,10,316,324,317,332,314,292,264,302,278,307
1099,1,2007,10,1127,1250,1320,1272,1129,1203,1178,1024,1077,1078
4,2,2007,10,7,0,3,5,4,4,1,5,3,0
286,0,2007,11,293,316,324,317,332,294,282,258,272,279
1066,1,2007,11,1099,1127,1250,1320,1272,1114,1048,1007,996,992
3,2,2007,11,4,7,0,3,5,4,8,2,3,2
294,0,2007,12,286,293,316,324,317,332,286,285,300,317
1146,1,2007,12,1066,1099,1127,1250,1320,1222,1151,1033,1159,1067
5,2,2007,12,3,4,7,0,3,2,2,1,2,8
302,0,2008,1,294,286,293,316,324,313,297,257,276,291
927,1,2008,1,1146,1066,1099,1127,1250,1105,1114,1033,1033,973
5,2,2008,1,5,3,4,7,0,0,3,4,4,3
275,0,2008,2,302,294,286,293,316,249,235,272,267,271
863,1,2008,2,927,1146,1066,1099,1127,873,879,892,866,888
3,2,2008,2,5,5,3,4,7,1,3,0,2,2
277,0,2008,3,275,302,294,286,293,273,274,291,299,306
1020,1,2008,3,863,927,1146,1066,1099,1123,1022,1020,1039,1046
7,2,2008,3,3,5,5,3,4,1,5,3,4,1
304,0,2008,4,277,275,302,294,286,301,295,285,291,308
1009,1,2008,4,1020,863,927,1146,1066,1142,1096,1018,1041,1065
5,2,2008,4,7,3,5,5,3,6,5,3,3,2
287,0,2008,5,304,277,275,302,294,314,306,303,308,311
1010,1,2008,5,1009,1020,863,927,1146,1129,1143,1179,1088,1101
4,2,2008,5,5,7,3,5,5,4,1,3,3,4
284,0,2008,6,287,304,277,275,302,332,288,323,318,296
1111,1,2008,6,1010,1009,1020,863,927,1272,1223,1186,1029,1112
0,2,2008,6,4,5,7,3,5,5,4,1,7,5
285,0,2008,7,284,287,304,277,275,317,332,314,287,328
1112,1,2008,7,1111,1010,1009,1020,863,1320,1334,1304,1251,1195
1,2,2008,7,0,4,5,7,3,3,3,2,1,2
293,0,2008,8,285,284,287,304,277,324,328,317,311,309
1091,1,2008,8,1112,1111,1010,1009,1020,1250,1130,1252,1175,1187
1,2,2008,8,1,0,4,5,7,0,5,3,4,2
280,0,2008,9,293,285,284,287,304,316,306,303,305,322
1093,1,2008,9,1091,1112,1111,1010,1009,1127,1175,1045,1100,1091
3,2,2008,9,1,1,0,4,5,7,2,3,4,1
284,0,2008,10,280,293,285,284,287,293,292,264,302,278
996,1,2008,10,1093,1091,1112,1111,1010,1099,1203,1178,1024,1077
8,2,2008,10,3,1,1,0,4,4,4,1,5,3
243,0,2008,11,284,280,293,285,284,286,294,282,258,272
986,1,2008,11,996,1093,1091,1112,1111,1066,1114,1048,1007,996
2,2,2008,11,8,3,1,1,0,3,4,8,2,3
261,0,2008,12,243,284,280,293,285,294,332,286,285,300
958,1,2008,12,986,996,1093,1091,1112,1146,1222,1151,1033,1159
5,2,2008,12,2,8,3,1,1,5,2,2,1,2
272,0,2009,1,261,243,284,280,293,302,313,297,257,276
988,1,2009,1,958,986,996,1093,1091,927,1105,1114,1033,1033
1,2,2009,1,5,2,8,3,1,5,0,3,4,4
272,0,2009,2,272,261,243,284,280,275,249,235,272,267
797,1,2009,2,988,958,986,996,1093,863,873,879,892,866
0,2,2009,2,1,5,2,8,3,3,1,3,0,2
308,0,2009,3,272,272,261,243,284,277,273,274,291,299
953,1,2009,3,797,988,958,986,996,1020,1123,1022,1020,1039
4,2,2009,3,0,1,5,2,8,7,1,5,3,4
323,0,2009,4,308,272,272,261,243,304,301,295,285,291
1028,1,2009,4,953,797,988,958,986,1009,1142,1096,1018,1041
2,2,2009,4,4,0,1,5,2,5,6,5,3,3
295,0,2009,5,323,308,272,272,261,287,314,306,303,308
1098,1,2009,5,1028,953,797,988,958,1010,1129,1143,1179,1088
1,2,2009,5,2,4,0,1,5,4,4,1,3,3
322,0,2009,6,295,323,308,272,272,284,332,288,323,318
1076,1,2009,6,1098,1028,953,797,988,1111,1272,1223,1186,1029
1,2,2009,6,1,2,4,0,1,0,5,4,1,7
337,0,2009,7,322,295,323,308,272,285,317,332,314,287
1239,1,2009,7,1076,1098,1028,953,797,1112,1320,1334,1304,1251
1,2,2009,7,1,1,2,4,0,1,3,3,2,1
289,0,2009,8,337,322,295,323,308,293,324,328,317,311
1115,1,2009,8,1239,1076,1098,1028,953,1091,1250,1130,1252,1175
3,2,2009,8,1,1,1,2,4,1,0,5,3,4
284,0,2009,9,289,337,322,295,323,280,316,306,303,305
981,1,2009,9,1115,1239,1076,1098,1028,1093,1127,1175,1045,1100
1,2,2009,9,3,1,1,1,2,3,7,2,3,4
278,0,2009,10,284,289,337,322,295,284,293,292,264,302
1002,1,2009,10,981,1115,1239,1076,1098,996,1099,1203,1178,1024
4,2,2009,10,1,3,1,1,1,8,4,4,1,5
275,0,2009,11,278,284,289,337,322,243,286,294,282,258
989,1,2009,11,1002,981,1115,1239,1076,986,1066,1114,1048,1007
2,2,2009,11,4,1,3,1,1,2,3,4,8,2
277,0,2009,12,275,278,284,289,337,261,294,332,286,285
1022,1,2009,12,989,1002,981,1115,1239,958,1146,1222,1151,1033
0,2,2009,12,2,4,1,3,1,5,5,2,2,1
298,0,2010,1,277,275,278,284,289,272,302,313,297,257
920,1,2010,1,1022,989,1002,981,1115,988,927,1105,1114,1033
2,2,2010,1,0,2,4,1,3,1,5,0,3,4
237,0,2010,2,298,277,275,278,284,272,275,249,235,272
736,1,2010,2,920,1022,989,1002,981,797,863,873,879,892
1,2,2010,2,2,0,2,4,1,0,3,1,3,0
279,0,2010,3,237,298,277,275,278,308,277,273,274,291
977,1,2010,3,736,920,1022,989,1002,953,1020,1123,1022,1020
3,2,2010,3,1,2,0,2,4,4,7,1,5,3
273,0,2010,4,279,237,298,277,275,323,304,301,295,285
1047,1,2010,4,977,736,920,1022,989,1028,1009,1142,1096,1018
1,2,2010,4,3,1,2,0,2,2,5,6,5,3
279,0,2010,5,273,279,237,298,277,295,287,314,306,303
1057,1,2010,5,1047,977,736,920,1022,1098,1010,1129,1143,1179
1,2,2010,5,1,3,1,2,0,1,4,4,1,3
279,0,2010,6,279,273,279,237,298,322,284,332,288,323
1031,1,2010,6,1057,1047,977,736,920,1076,1111,1272,1223,1186
5,2,2010,6,1,1,3,1,2,1,0,5,4,1
289,0,2010,7,279,279,273,279,237,337,285,317,332,314
1127,1,2010,7,1031,1057,1047,977,736,1239,1112,1320,1334,1304
3,2,2010,7,5,1,1,3,1,1,1,3,3,2
284,0,2010,8,289,279,279,273,279,289,293,324,328,317
1079,1,2010,8,1127,1031,1057,1047,977,1115,1091,1250,1130,1252
1,2,2010,8,3,5,1,1,3,3,1,0,5,3
278,0,2010,9,284,289,279,279,273,284,280,316,306,303
973,1,2010,9,1079,1127,1031,1057,1047,981,1093,1127,1175,1045
1,2,2010,9,1,3,5,1,1,1,3,7,2,3
274,0,2010,10,278,284,289,279,279,278,284,293,292,264
1015,1,2010,10,973,1079,1127,1031,1057,1002,996,1099,1203,1178
3,2,2010,10,1,1,3,5,1,4,8,4,4,1
269,0,2010,11,274,278,284,289,279,275,243,286,294,282
945,1,2010,11,1015,973,1079,1127,1031,989,986,1066,1114,1048
2,2,2010,11,3,1,1,3,5,2,2,3,4,8
269,0,2010,12,269,274,278,284,289,277,261,294,332,286
883,1,2010,12,945,1015,973,1079,1127,1022,958,1146,1222,1151
0,2,2010,12,2,3,1,1,3,0,5,5,2,2
252,0,2011,1,269,269,274,278,284,298,272,302,313,297
953,1,2011,1,883,945,1015,973,1079,920,988,927,1105,1114
1,2,2011,1,0,2,3,1,1,2,1,5,0,3
228,0,2011,2,252,269,269,274,278,237,272,275,249,235
698,1,2011,2,953,883,945,1015,973,736,797,863,873,879
0,2,2011,2,1,0,2,3,1,1,0,3,1,3
269,0,2011,3,228,252,269,269,274,279,308,277,273,274
864,1,2011,3,698,953,883,945,1015,977,953,1020,1123,1022
3,2,2011,3,0,1,0,2,3,3,4,7,1,5
273,0,2011,4,269,228,252,269,269,273,323,304,301,295
994,1,2011,4,864,698,953,883,945,1047,1028,1009,1142,1096
1,2,2011,4,3,0,1,0,2,1,2,5,6,5
309,0,2011,5,273,269,228,252,269,279,295,287,314,306
1055,1,2011,5,994,864,698,953,883,1057,1098,1010,1129,1143
2,2,2011,5,1,3,0,1,0,1,1,4,4,1
261,0,2011,6,309,273,269,228,252,279,322,284,332,288
1013,1,2011,6,1055,994,864,698,953,1031,1076,1111,1272,1223
2,2,2011,6,2,1,3,0,1,5,1,0,5,4
297,0,2011,7,261,309,273,269,228,289,337,285,317,332
1111,1,2011,7,1013,1055,994,864,698,1127,1239,1112,1320,1334
2,2,2011,7,2,2,1,3,0,3,1,1,3,3
329,0,2011,8,297,261,309,273,269,284,289,293,324,328
982,1,2011,8,1111,1013,1055,994,864,1079,1115,1091,1250,1130
3,2,2011,8,2,2,2,1,3,1,3,1,0,5
266,0,2011,9,329,297,261,309,273,278,284,280,316,306
982,1,2011,9,982,1111,1013,1055,994,973,981,1093,1127,1175
0,2,2011,9,3,2,2,2,1,1,1,3,7,2
222,0,2011,10,266,329,297,261,309,274,278,284,293,292
1011,1,2011,10,982,982,1111,1013,1055,1015,1002,996,1099,1203
4,2,2011,10,0,3,2,2,2,3,4,8,4,4
228,0,2011,11,222,266,329,297,261,269,275,243,286,294
930,1,2011,11,1011,982,982,1111,1013,945,989,986,1066,1114
2,2,2011,11,4,0,3,2,2,2,2,2,3,4
260,0,2011,12,228,222,266,329,297,269,277,261,294,332
945,1,2011,12,930,1011,982,982,1111,883,1022,958,1146,1222
4,2,2011,12,2,4,0,3,2,0,0,5,5,2
270,0,2012,1,260,228,222,266,329,252,298,272,302,313
931,1,2012,1,945,930,1011,982,982,953,920,988,927,1105
1,2,2012,1,4,2,4,0,3,1,2,1,5,0
227,0,2012,2,270,260,228,222,266,228,237,272,275,249
752,1,2012,2,931,945,930,1011,982,698,736,797,863,873
2,2,2012,2,1,4,2,4,0,0,1,0,3,1
262,0,2012,3,227,270,260,228,222,269,279,308,277,273
951,1,2012,3,752,931,945,930,1011,864,977,953,1020,1123
0,2,2012,3,2,1,4,2,4,3,3,4,7,1
289,0,2012,4,262,227,270,260,228,273,273,323,304,301
960,1,2012,4,951,752,931,945,930,994,1047,1028,1009,1142
1,2,2012,4,0,2,1,4,2,1,1,2,5,6
292,0,2012,5,289,262,227,270,260,309,279,295,287,314
986,1,2012,5,960,951,752,931,945,1055,1057,1098,1010,1129
2,2,2012,5,1,0,2,1,4,2,1,1,4,4
278,0,2012,6,292,289,262,227,270,261,279,322,284,332
976,1,2012,6,986,960,951,752,931,1013,1031,1076,1111,1272
0,2,2012,6,2,1,0,2,1,2,5,1,0,5
308,0,2012,7,278,292,289,262,227,297,289,337,285,317
1153,1,2012,7,976,986,960,951,752,1111,1127,1239,1112,1320
0,2,2012,7,0,2,1,0,2,2,3,1,1,3
260,0,2012,8,308,278,292,289,262,329,284,289,293,324
1091,1,2012,8,1153,976,986,960,951,982,1079,1115,1091,1250
4,2,2012,8,0,0,2,1,0,3,1,3,1,0
235,0,2012,9,260,308,278,292,289,266,278,284,280,316
1073,1,2012,9,1091,1153,976,986,960,982,973,981,1093,1127
0,2,2012,9,4,0,0,2,1,0,1,1,3,7
266,0,2012,10,235,260,308,278,292,222,274,278,284,293
978,1,2012,10,1073,1091,1153,976,986,1011,1015,1002,996,1099
3,2,2012,10,0,4,0,0,2,4,3,4,8,4
242,0,2012,11,266,235,260,308,278,228,269,275,243,286
940,1,2012,11,978,1073,1091,1153,976,930,945,989,986,1066
4,2,2012,11,3,0,4,0,0,2,2,2,2,3
292,0,2012,12,242,266,235,260,308,260,269,277,261,294
1003,1,2012,12,940,978,1073,1091,1153,945,883,1022,958,1146
1,2,2012,12,4,3,0,4,0,4,0,0,5,5
282,0,2013,1,292,242,266,235,260,270,252,298,272,302
947,1,2013,1,1003,940,978,1073,1091,931,953,920,988,927
3,2,2013,1,1,4,3,0,4,1,1,2,1,5
243,0,2013,2,282,292,242,266,235,227,228,237,272,275
728,1,2013,2,947,1003,940,978,1073,752,698,736,797,863
1,2,2013,2,3,1,4,3,0,2,0,1,0,3
267,0,2013,3,243,282,292,242,266,262,269,279,308,277
863,1,2013,3,728,947,1003,940,978,951,864,977,953,1020
1,2,2013,3,1,3,1,4,3,0,3,3,4,7
247,0,2013,4,267,243,282,292,242,289,273,273,323,304
909,1,2013,4,863,728,947,1003,940,960,994,1047,1028,1009
1,2,2013,4,1,1,3,1,4,1,1,1,2,5
266,0,2013,5,247,267,243,282,292,292,309,279,295,287
932,1,2013,5,909,863,728,947,1003,986,1055,1057,1098,1010
3,2,2013,5,1,1,1,3,1,2,2,1,1,4
262,0,2013,6,266,247,267,243,282,278,261,279,322,284
1040,1,2013,6,932,909,863,728,947,976,1013,1031,1076,1111
1,2,2013,6,3,1,1,1,3,0,2,5,1,0
278,0,2013,7,262,266,247,267,243,308,297,289,337,285
1131,1,2013,7,1040,932,909,863,728,1153,1111,1127,1239,1112
1,2,2013,7,1,3,1,1,1,0,2,3,1,1
249,0,2013,8,278,262,266,247,267,260,329,284,289,293
1041,1,2013,8,1131,1040,932,909,863,1091,982,1079,1115,1091
2,2,2013,8,1,1,3,1,1,4,3,1,3,1
241,0,2013,9,249,278,262,266,247,235,266,278,284,280
923,1,2013,9,1041,1131,1040,932,909,1073,982,973,981,1093
5,2,2013,9,2,1,1,3,1,0,0,1,1,3
248,0,2013,10,241,249,278,262,266,266,222,274,278,284
945,1,2013,10,923,1041,1131,1040,932,978,1011,1015,1002,996
2,2,2013,10,5,2,1,1,3,3,4,3,4,8
263,0,2013,11,248,241,249,278,262,242,228,269,275,243
925,1,2013,11,945,923,1041,1131,1040,940,930,945,989,986
2,2,2013,11,2,5,2,1,1,4,2,2,2,2
241,0,2013,12,263,248,241,249,278,292,260,269,277,261
949,1,2013,12,925,945,923,1041,1131,1003,945,883,1022,958
3,2,2013,12,2,2,5,2,1,1,4,0,0,5
255,0,2014,1,241,263,248,241,249,282,270,252,298,272
864,1,2014,1,949,925,945,923,1041,947,931,953,920,988
3,2,2014,1,3,2,2,5,2,3,1,1,2,1
232,0,2014,2,255,241,263,248,241,243,227,228,237,272
706,1,2014,2,864,949,925,945,923,728,752,698,736,797
1,2,2014,2,3,3,2,2,5,1,2,0,1,0
232,0,2014,3,232,255,241,263,248,267,262,269,279,308
884,1,2014,3,706,864,949,925,945,863,951,864,977,953
0,2,2014,3,1,3,3,2,2,1,0,3,3,4
260,0,2014,4,232,232,255,241,263,247,289,273,273,323
898,1,2014,4,884,706,864,949,925,909,960,994,1047,1028
4,2,2014,4,0,1,3,3,2,1,1,1,1,2
273,0,2014,5,260,232,232,255,241,266,292,309,279,295
1021,1,2014,5,898,884,706,864,949,932,986,1055,1057,1098
6,2,2014,5,4,0,1,3,3,3,2,2,1,1
238,0,2014,6,273,260,232,232,255,262,278,261,279,322
967,1,2014,6,1021,898,884,706,864,1040,976,1013,1031,1076
3,2,2014,6,6,4,0,1,3,1,0,2,5,1
276,0,2014,7,238,273,260,232,232,278,308,297,289,337
980,1,2014,7,967,1021,898,884,706,1131,1153,1111,1127,1239
2,2,2014,7,3,6,4,0,1,1,0,2,3,1
251,0,2014,8,276,238,273,260,232,249,260,329,284,289
1039,1,2014,8,980,967,1021,898,884,1041,1091,982,1079,1115
2,2,2014,8,2,3,6,4,0,2,4,3,1,3
259,0,2014,9,251,276,238,273,260,241,235,266,278,284
920,1,2014,9,1039,980,967,1021,898,923,1073,982,973,981
3,2,2014,9,2,2,3,6,4,5,0,0,1,1
307,0,2014,10,259,251,276,238,273,248,266,222,274,278
956,1,2014,10,920,1039,980,967,1021,945,978,1011,1015,1002
2,2,2014,10,3,2,2,3,6,2,3,4,3,4
253,0,2014,11,307,259,251,276,238,263,242,228,269,275
918,1,2014,11,956,920,1039,980,967,925,940,930,945,989
7,2,2014,11,2,3,2,2,3,2,4,2,2,2
272,0,2014,12,253,307,259,251,276,241,292,260,269,277
1034,1,2014,12,918,956,920,1039,980,949,1003,945,883,1022
3,2,2014,12,7,2,3,2,2,3,1,4,0,0
